index,windspeed
0,0.7906695307061535
1,1.120466412263709
2,1.836090049306541
3,1.3975972379937573
4,1.3567682825045273
5,1.0122657016322807
6,1.0124187520822978
7,1.4970813570125274
8,1.0583929828471896
9,0.8258347455848618
10,0.8912256652595294
11,1.2150277921455843
12,1.4596559947697845
13,1.7956352356990466
14,1.685056736106854
15,1.6247752424394717
16,1.7008904017269262
17,1.9676771474924384
18,1.55789097665094
19,2.175937250017407
20,2.4125329455488598
21,2.0878853206392827
22,1.902990644205317
23,1.9565798201870668
24,2.571740240884408
25,2.88515649965419
26,2.8623629334396212
27,2.712728478685417
28,3.002872111179299
29,4.260063010216355
30,3.9866731100408574
31,3.3442693473955964
32,2.731596164707528
33,2.491911575111229
34,2.6498688685463256
35,2.762272222673913
36,3.538415578620539
37,3.704184680925545
38,3.804358030448664
39,3.8297907264756614
40,3.897730960165722
41,4.640063939428964
42,4.801085966048418
43,4.402745094780919
44,4.9745663676473
45,5.027984060350431
46,4.667538525922827
47,4.686993170752317
48,4.6639246051917524
49,4.720172658200652
50,4.44470724472619
51,4.357346518201775
52,4.041253144885341
53,3.9794100058094934
54,3.9735579982981792
55,3.6125563147898507
56,4.010409962692717
57,3.720396596429983
58,4.6860483743134775
59,4.952453367735143
60,5.282115443903755
61,4.928021483735839
62,4.824521332116447
63,5.2946317367902935
64,5.19609421664671
65,5.300125356165092
66,5.46613089558616
67,5.286829671700372
68,4.8074790067159965
69,5.089997101239475
70,5.150670376713995
71,4.617816292493317
72,4.510174271960531
73,4.629367008516558
74,4.408718131437414
75,3.707367052718192
76,4.043714075011447
77,3.8953237869261446
78,3.585217645621935
79,3.5410375093992994
80,3.3254271366453634
81,3.4646774628950956
82,3.542417670279166
83,3.601856727545749
84,3.7698424792302117
85,3.8870442595109145
86,3.9073861055241323
87,3.472853690541928
88,3.351393903870044
89,3.4678589538494577
90,3.2985674835748457
91,3.2139207617299923
92,3.6921696083205564
93,4.084019993905417
94,3.921851305221853
95,3.5488087824975647
96,4.326617919765205
97,4.210176215958068
98,4.0947070594158355
99,4.9272899553077005
100,4.681148373460516
101,4.540938551279624
102,5.20629660095861
103,5.162361990560908
104,4.7446060630661435
105,4.620245446770159
106,4.417255740444784
107,4.804869036316524
108,4.6282946643811105
109,4.703726039420043
110,4.765389591390137
111,4.665222407538177
112,4.588800505302936
113,4.712057583848935
114,4.63019423519416
115,4.525606208546197
116,4.210166852814882
117,4.241576590429649
118,3.7959321425349466
119,3.9468610460207114
120,3.673949234339458
121,3.3637059323785232
122,3.0366058268707676
123,2.794410227553003
124,2.998709744131956
125,2.9222912106420478
126,2.6943842469896553
127,2.70391148380342
128,2.8235734134102097
129,2.823042956678945
130,2.793176765214145
131,2.8134552820343686
132,2.7305129380495226
133,2.871216528036761
134,2.3716890820734298
135,2.564772317624691
136,2.4937510901543787
137,2.8775302563805734
138,3.0286337892247115
139,3.155965833258489
140,3.0147811737862327
141,2.758563928204636
142,2.5020180023310106
143,2.4826514405510784
144,2.3532158116001165
145,2.302612649888228
146,2.5636438597228146
147,2.6506029199022603
148,2.59632929380471
149,3.0500640300845023
150,3.014804635647787
151,2.931363553331409
152,2.7731064872316846
153,3.010443820901094
154,3.087535848936304
155,3.0775413353005234
156,3.3285598095151716
157,3.2535246490042464
158,3.271357356002731
159,3.1896893203776577
160,2.987904958120896
161,2.9265539007656116
162,2.9377847906677723
163,2.9811058813138804
164,3.2265086242841954
165,3.507238624072402
166,2.8411137828820157
167,2.927402363473352
168,3.106037223519408
169,3.2121288604544365
170,3.199730267873402
171,2.907830913036685
172,2.5499958487689964
173,2.9175496233184477
174,3.0687167318663637
175,2.926533358725716
176,3.2965786405379682
177,3.5841780711644526
178,4.039210532073387
179,4.411484374935621
180,4.443867422578774
181,4.471108957327559
182,4.308327838283354
183,4.102330892106108
184,4.402674195978249
185,4.420467842886104
186,4.173166647215094
187,3.8562346999394848
188,3.8191834029199967
189,3.7887135471115534
190,3.345642666660894
191,2.778519204663185
192,2.2016477175304203
193,1.9156723872975523
194,2.3596055694066767
195,2.5368780703891844
196,2.760275934165164
197,2.5065618386911632
198,2.596462527972955
199,3.0523341099572954
200,3.5159948212397154
201,3.6200723024143664
202,4.2650829720506875
203,4.521287939978757
204,4.684068912147584
205,5.063613570151465
206,4.795597698631991
207,4.861499026347707
208,4.355244373198198
209,4.5015721748864985
210,4.5925731460632555
211,4.731722496228472
212,4.930459295474535
213,5.216242044894851
214,5.235775367179303
215,5.165031995070931
216,4.930824639660813
217,5.110921875408797
218,4.876031466818997
219,4.722353835820766
220,4.584180477136803
221,4.485046419710821
222,4.21969299161432
223,4.055506076766672
224,3.970455349137287
225,4.000361082466015
226,4.0212515253721826
227,4.038884498482657
228,4.114684930156343
229,4.241332629454917
230,3.9863620774854414
231,3.834444699613298
232,3.8563680228298582
233,3.6595447958317635
234,3.5655697784210636
235,3.65607707490896
236,3.770259071052771
237,3.5590190232617736
238,3.2711622033769374
239,3.3484173914092974
240,3.8991633237385495
241,3.9824992715621335
242,3.3323457142572
243,2.8363946094657817
244,3.0753664986047444
245,2.6643250620165713
246,2.3325732933633696
247,2.4688516224038874
248,2.520318517136554
249,2.040163685817116
250,2.1819755014192825
251,2.366416608956902
252,2.7710909410446907
253,2.952382361493651
254,2.7797826748122625
255,2.4721505268373902
256,2.7472663005481035
257,2.9042422804818298
258,3.433730960634887
259,4.151032447240664
260,4.158701878495507
261,3.3521556055648256
262,2.8703106925313957
263,3.310912113576479
264,3.5810131689428
265,4.422150241449747
266,4.742074719060235
267,4.593557778921566
268,5.17388811424596
269,5.178348989140921
270,4.93208086556531
271,4.725902089193441
272,4.486026129950541
273,4.475655347304388
274,4.4569209607772295
275,4.392567621178235
276,4.264549866351476
277,4.221449530110316
278,4.021854762767596
279,4.337077818767385
280,4.391988699287569
281,4.3474715717209875
282,3.7559384589493967
283,3.20808496542615
284,3.7711949382166474
285,3.4117838860593483
286,3.3334008037954423
287,3.175704530386197
288,3.0628798046205548
289,4.343027914120423
290,3.940822143537528
291,4.30408645689862
292,4.462404537779532
293,4.845359432486278
294,4.86311195703334
295,4.942623911262863
296,4.9273310688298535
297,4.766102109004693
298,4.824979496895844
299,4.791041179746622
300,4.936421836977262
301,4.6807717997829865
302,4.856608246151625
303,4.552949322610578
304,4.5071154201042125
305,4.377976777123181
306,4.431505694355464
307,4.497702039956372
308,4.239011043638879
309,4.565683470849658
310,4.60928302523137
311,4.376726148188029
312,4.963174073482825
313,5.028068455270822
314,4.601119950187943
315,5.025919965931304
316,4.94347121122939
317,4.110437402420657
318,3.5652237324448968
319,3.941616944375574
320,4.603583501909801
321,4.802038742476699
322,5.014385716464584
323,4.786047734897186
324,4.737889422025471
325,4.694068229781424
326,4.9183075244553995
327,4.808772494639083
328,4.869872014235907
329,4.862858810389434
330,4.838627653835118
331,4.7839491080151735
332,4.993030635880175
333,4.93948735599473
334,4.859105420377755
335,4.612673759810933
336,4.641740990652269
337,4.813135769877774
338,5.068598900894556
339,4.940176699914594
340,5.004978187328709
341,5.004479294020273
342,4.670178366770241
343,4.740721663007598
344,4.560978585702233
345,4.626819706306907
346,4.45775166890046
347,4.6330914190127315
348,4.482783542374458
349,4.196833720754863
350,3.9688208846039084
351,3.8986553776462305
352,4.013445900604213
353,4.173103784600729
354,4.791941846205977
355,4.543840822631282
356,4.35750365757341
357,3.9402088657752583
358,3.641529207518076
359,3.6643941168252976
360,3.4489582437689545
361,3.7638219779300153
362,3.432627367511872
363,2.7805211556168703
364,2.1211488405092136
365,2.6928393143768607
366,3.1929675331092033
367,3.275957627310172
368,3.5907691399737374
369,2.912187728316626
370,3.471163753491901
371,4.04740983138757
372,3.87718088765269
373,3.5498056395444846
374,4.20967903939097
375,4.1277288066861475
376,3.8363394405880262
377,3.5117534253456526
378,3.641063275649055
379,3.7030574771346534
380,3.759308155972513
381,4.097138769565134
382,4.4828090575819814
383,4.109258244885873
384,3.909798291915755
385,4.004986813308487
386,3.8350612637889196
387,3.98906283708778
388,3.9117096900410027
389,4.292424387144228
390,4.026176096533934
391,4.604022796771897
392,3.274948446023752
393,3.8403401199374567
394,4.073313394523029
395,3.359092081850752
396,3.5345387449052
397,3.442573807149015
398,3.5660223256467916
399,3.42816000602766
400,3.2151026280953348
401,3.426920469222693
402,3.234622464669842
403,3.378715206156761
404,3.1175354488745066
405,3.148593331903459
406,3.1425404611378314
407,2.9145002744984327
408,3.208050491983665
409,3.202594174258283
410,3.3707392159432104
411,3.535348242722279
412,3.7570136193187733
413,4.269886730092806
414,4.436358313558646
415,4.447401309645911
416,3.9598805260195906
417,3.686209146758183
418,3.693072909584696
419,3.569763035204815
420,3.5479951032783807
421,3.4180314831771748
422,3.1047961384894904
423,3.009293617549789
424,3.1183631264519085
425,3.221256442742782
426,2.9417487655509884
427,3.2415853171392173
428,3.1832885176194607
429,2.839775246691042
430,3.049270200120755
431,2.88414770927912
432,2.9994747610978387
433,2.9536376572474534
434,2.67477256225518
435,2.1645218255986696
436,1.92540581536342
437,1.9783470230503601
438,2.0650311493714266
439,2.3098547327848116
440,2.4442616971199658
441,2.392917957864484
442,3.072528073107691
443,2.7440533246195455
444,2.9029712153939484
445,3.06070025779444
446,2.9448679043443753
447,3.842010918401076
448,3.3514809677682824
449,3.16505734032607
450,3.1556752832165844
451,3.2470940996585007
452,3.4424424861648792
453,3.5334442626860874
454,3.562704166816041
455,3.4032333296678257
456,3.0900775506249674
457,3.1984848640172996
458,3.30744273377994
459,3.1408500197197373
460,2.941953327578382
461,2.978088749056779
462,2.757918916169815
463,2.583475217841864
464,2.6788173618236955
465,2.678796517677017
466,2.6146664159829696
467,2.521220870530092
468,2.534724797242767
469,2.550851441612658
470,2.9052153273367582
471,2.604530677367544
472,2.9515622446667447
473,2.3943265600735435
474,2.425358421754719
475,2.68122009219508
476,2.5547044770033778
477,2.5145480997588754
478,2.382927699872833
479,2.4855219210405295
480,2.7387324868926246
481,2.4370101083544498
482,2.336704402618882
483,2.297334444401965
484,2.8597631094892675
485,2.507164993267746
486,2.3316194438610043
487,2.3870697031076222
488,2.2177647975195693
489,1.795601802154489
490,1.9847151961749647
491,1.9512145911116936
492,1.9017723949924248
493,1.5155213016879032
494,1.1600774980353987
495,1.6249002062153937
496,2.2795114187234065
497,2.0372412143526266
498,2.2988251158224418
499,2.359603251805126
500,2.6336000802889834
501,2.386957749913694
502,2.3732779377574955
503,1.93716925546775
504,2.211915799006252
505,2.3889363289489336
506,1.9263567882492758
507,1.9042910583725923
508,2.0280469433603354
509,1.856530951345881
510,1.7828735087054939
511,2.3555743206780995
512,2.30755804878609
513,2.5556756975670294
514,2.5573648390767434
515,2.3882726650382007
516,2.7023857596958214
517,2.598411726532021
518,2.558722180671436
519,2.310033874560245
520,2.1061059644830293
521,2.255707268737671
522,2.298197651531476
523,2.5136154066222485
524,2.8153161864554095
525,2.881873919321742
526,2.6886260547679637
527,2.465993003346121
528,2.41153969628831
529,2.4955751700448987
530,2.2823586977276102
531,1.9400080804941229
532,2.0873761716505923
533,2.0710039984851236
534,1.8005793773323238
535,1.7101579987035036
536,1.5406708105179374
537,1.537623666111643
538,1.6382884473551473
539,1.770859126785593
540,1.792587850394584
541,1.9118856813504226
542,1.7944131223903765
543,1.942389459209968
544,2.0750590240387456
545,2.422995420738507
546,2.0887409625451614
547,2.0170678769439254
548,2.61135187782566
549,2.4448194623272475
550,2.2289737538648873
551,2.4006009959353753
552,2.284863268725003
553,2.130040682224007
554,2.0887342855125874
555,2.027942705648521
556,2.058391216375974
557,2.1128501502930623
558,1.9802235568247286
559,1.9814012205386307
560,1.9192367187232426
561,1.8822912728644237
562,1.7609931435530395
563,2.335085478662413
564,2.07635325690574
565,2.1457917562245883
566,2.3498583366202714
567,2.57359624110944
568,2.783655759999066
569,3.531329524536666
570,4.019575164888076
571,4.029727829178523
572,3.594748556692705
573,3.7048541455882105
574,3.221909042516516
575,2.573080660253288
576,3.3873401702663477
577,5.281950683021907
578,4.487637403981405
579,4.025688016209086
580,3.546351991457627
581,4.242917896097836
582,4.170900146706158
583,3.2299629129120135
584,1.396949264606221
585,1.85573400455787
586,2.7902597292278615
587,4.62508240070769
588,4.074646446545189
589,3.2839532790671235
590,3.344479598831828
591,4.443626187836035
592,3.9663874956073135
593,3.8713051480125245
594,3.7564196623056634
595,4.214575903651506
596,3.7497463938742204
597,3.8126114396792445
598,3.191029161537711
599,4.29676733749253
600,4.786494004211937
601,3.765060995964982
602,4.148470404407199
603,3.6544518699495634
604,3.303922585539498
605,3.5866350071581885
606,3.794506244765265
607,2.95540482309748
608,3.7677694360012928
609,3.5628727001376745
610,3.6264039665661576
611,3.4048004960661284
612,3.262380756486074
613,3.2069474423319004
614,3.892508524583862
615,3.699210637732056
616,3.3441864348853496
617,3.71446300504463
618,4.503203243711611
619,5.2966163364649805
620,5.73555673220219
621,3.7406423971285605
622,4.377890052962245
623,4.2585816926471605
624,3.1737048977767213
625,3.623404800221109
626,3.6376260453174396
627,3.7629288401863454
628,4.067304089510898
629,4.411914152684793
630,3.89290568725795
631,3.4148730865718657
632,3.855479488417165
633,3.5275544330034863
634,3.531549027720217
635,3.376494112576781
636,3.7730021971351957
637,3.9297738525508805
638,3.656243791162614
639,3.129470170199628
640,3.011339746906112
641,3.2033210614350676
642,3.0397654898594064
643,2.913770285586685
644,3.1045854353553186
645,2.9060118290125665
646,3.001395898909703
647,3.3225344434515742
648,3.4319947854991693
649,3.905011477457282
650,4.332010044907985
651,3.847251787192045
652,4.26350070000044
653,3.453129153748055
654,3.0716119609856394
655,3.3451498962679813
656,3.8774834636172995
657,4.1069567104517395
658,3.677979914183989
659,3.3920565488937204
660,3.401554800132162
661,3.2336286758616453
662,2.954303478297849
663,2.990070790220677
664,2.703394329220356
665,2.3810393014572413
666,2.6624610766813745
667,2.4728563117465203
668,2.057053751993094
669,2.3428993312742667
670,2.394321434586997
671,2.614081968236136
672,2.0733638086103796
673,1.9400449948251546
674,2.3593430459788194
675,2.6767639851128875
676,2.6998838738518467
677,2.6898358847205253
678,2.132848071075737
679,2.931831228338185
680,2.2609082852543305
681,2.6921680395464125
682,3.330582292929759
683,3.093099863852516
684,3.6929127139957205
685,3.622125832445116
686,4.035550452910803
687,4.9591589484454515
688,6.068011331681994
689,5.5620071727386335
690,5.020662608544268
691,4.730577934440354
692,5.115105269392365
693,5.048124031444529
694,4.473374143566023
695,4.202262326212306
696,5.588509227114165
697,5.220082331436956
698,5.22040249709754
699,4.408457074505454
700,4.128394819152751
701,3.5028375293606118
702,2.7042964384384347
703,3.5398685021689555
704,4.163408447467908
705,4.4699600860256465
706,4.330225383734026
707,4.2598744880048764
708,4.47799089347026
709,4.405636800874732
710,4.348236658833102
711,4.039635899305885
712,4.008649508730015
713,4.162590247293577
714,4.004646457694337
715,4.190982860946793
716,4.565045238149531
717,4.503704596017744
718,4.21887771745139
719,3.9397600278467784
720,4.1972257020423145
721,3.991220491003425
722,4.148360470360576
723,3.8752751349709036
724,3.563255613605538
725,4.6522314054438
726,4.662216528782853
727,4.12415154750658
728,4.184830943461833
729,4.472130416237976
730,4.294077185159028
731,4.542289731638873
732,4.92911747363052
733,4.36161844050037
734,4.799485929659032
735,4.916121892645489
736,4.711070845057508
737,4.851713858409552
738,4.597876443544497
739,4.5153077994679
740,4.7556075296114715
741,4.653652064316073
742,5.0707506886555445
743,5.162491859963812
744,4.94528330341642
745,4.862350661504144
746,4.999335259993722
747,4.512260264355965
748,4.462165561509154
749,4.28632832501698
750,4.192615412950553
751,3.8629074385465163
752,3.414686381657322
753,3.059499447719147
754,3.1917620718291735
755,3.03711913844616
756,3.3905187018958456
757,3.3689129871486982
758,2.855386816424256
759,2.769174800780517
760,2.225552382891291
761,2.5418420222087375
762,2.9656377458708687
763,3.6090309317104863
764,3.3904685482559067
765,3.6848993759685538
766,3.6765779049546072
767,3.9178150594675856
768,3.312632693470257
769,2.8108825811566613
770,1.9815399144328627
771,2.447727754078541
772,3.060018036257436
773,3.757243409968742
774,3.396829893243866
775,3.5083265687326897
776,3.5456518750073855
777,3.64213479033996
778,3.507485170453985
779,3.5733247089176032
780,3.4553708950017543
781,3.2387427786121035
782,3.372961457081633
783,3.3463994092624096
784,3.17515145172731
785,3.4455677302387815
786,3.224852174766163
787,3.7802261324514297
788,3.575786885983708
789,3.591947335404279
790,4.154971943551044
791,3.740927576949335
792,4.181417430522837
793,3.794390966757149
794,3.5471317943498697
795,3.976856863746025
796,3.941870405640787
797,3.8941421283291735
798,3.466449548067701
799,2.9943373548915555
800,3.2978860131340664
801,3.8427836956688455
802,4.170796926645392
803,4.276531482743447
804,3.830996538728774
805,3.4742715184290427
806,3.729764519652748
807,3.663109224100319
808,3.820463777345333
809,3.9407845831594717
810,4.199761237697086
811,4.105527813337418
812,3.7842519410076796
813,3.9085470069790804
814,3.472069445579924
815,3.936722853249224
816,3.8059127470832093
817,3.792922667075075
818,3.73342182707868
819,3.184776898739609
820,3.6306092412987994
821,3.357836315831007
822,3.6524861485424833
823,3.7394089188252955
824,3.512384577756824
825,3.178559377124316
826,2.8568510623388312
827,2.776281212600648
828,3.159146157408921
829,3.6660289278231093
830,4.030334946871895
831,4.772914871276124
832,4.650755940624759
833,3.946213204599837
834,4.4103116364683705
835,4.970049290551912
836,4.695064380213182
837,4.75210908491842
838,5.271938474796374
839,5.151436604818699
840,4.8077877701895115
841,5.440590175551593
842,4.971585586838823
843,4.768389233752524
844,4.082601370896026
845,5.139997246475996
846,4.868500033504202
847,3.8927246626933947
848,4.334627240527077
849,4.14244618055675
850,4.755561388757407
851,5.019590819747522
852,5.445013001578121
853,5.811031302475108
854,4.913101024223795
855,4.324984128656141
856,4.479997745586892
857,4.236813205499919
858,4.165096230013393
859,4.15089549892178
860,4.418800986017651
861,4.279822133676664
862,4.0586852602377155
863,3.7121140471341056
864,3.7708951828848813
865,3.6709215767120824
866,3.4798610368407745
867,3.212410633862694
868,2.852576196234056
869,2.801798819802435
870,2.6793271375998495
871,2.662018915189412
872,2.5647578514226916
873,2.878549428704093
874,2.886152976176076
875,3.1559670311449093
876,3.123218769897419
877,2.9064551810709736
878,2.423644830100619
879,2.375554023095753
880,2.2528137097100767
881,2.230906300983209
882,2.6836466009036197
883,2.0861366261071805
884,2.0751932949326983
885,2.059352998440416
886,2.119355596899284
887,1.8323608420801694
888,1.5444414738425978
889,1.370170139101296
890,1.6020567921457864
891,1.5462109085546725
892,2.1975022168167313
893,1.8674597933908794
894,1.5144765750743687
895,1.3214941450489104
896,1.3035154997370086
897,0.7268192391722177
898,0.6358042291295137
899,0.7925094893949317
900,1.0180375043861707
901,1.0485892333847868
902,0.837588139742873
903,0.7533585615265266
904,0.9070176862011083
905,1.1738767962808816
906,1.289900974947872
907,1.2274312111674992
908,1.260727702269083
909,1.4211314745330503
910,0.6678829345815821
911,0.41834459258847584
912,0.7301504833536998
913,0.45383659457966147
914,0.7943613156912397
915,0.799073401250044
916,0.8749917593234039
917,2.2905336596727794
918,2.682158042386282
919,2.8064217268204565
920,2.989371324434384
921,2.6577604449932477
922,2.265419371274134
923,1.6375171834055953
924,1.9986197815522802
925,1.5404968230996696
926,1.119169555781488
927,1.3682322434218317
928,1.9380283180666642
929,1.5479226973941667
930,1.836483265478331
931,2.0780573807511056
932,2.3009731372927
933,1.9129042559536993
934,2.159483867462402
935,2.854162437643364
936,2.871546805144772
937,2.945555037068823
938,3.5026289524023873
939,3.969285662022351
940,3.9825323710853815
941,3.8820174203432734
942,4.233340387011552
943,4.487923732029315
944,3.8995755611147342
945,3.8242417435374088
946,3.94262954944179
947,4.707940460184864
948,5.31271638762301
949,4.891170131480326
950,5.225399874718564
951,4.944433645683086
952,4.765715351459152
953,4.566164040944822
954,4.6181829111732835
955,4.533031897148434
956,4.195882667468144
957,3.757938607455686
958,3.8551819894091164
959,3.566369994950362
960,3.4516785250248105
961,3.4169425585038917
962,3.344423680304005
963,3.754000107144582
964,3.2912435330538545
965,2.930297775656042
966,3.017257373317693
967,2.42108937943757
968,2.4808328481948014
969,2.3159405986431234
970,2.299314138983199
971,2.058398012037033
972,2.0651761137488376
973,2.2980209531546603
974,2.488357332141356
975,2.5934386312282074
976,2.636938959246749
977,2.5406149989965616
978,2.8326134949571777
979,2.6058398618736454
980,3.2405216755177717
981,3.383518820580555
982,4.227654855371625
983,4.17559412350909
984,3.968387650779189
985,3.5169905197263445
986,3.962812515142681
987,3.596333145598698
988,3.7105777446045156
989,4.659310895051548
990,4.588536605426144
991,4.154755098794896
992,4.607601567040323
993,4.083348617482393
994,3.7805958459179982
995,4.71565764479901
996,4.973963823695515
997,4.98793134084177
998,5.072705759698302
999,4.6326182104369575
1000,4.370082165656479
1001,4.1192898149118635
1002,3.911152334846144
1003,4.107304906735665
1004,3.7711947802389125
1005,4.207198434383085
1006,4.5114526830281525
1007,4.269525849755674
1008,3.861686713234767
1009,3.761744000048656
1010,3.2915100725618354
1011,3.529814617923605
1012,3.7902320707092745
1013,4.432408930380532
1014,4.89965416675663
1015,4.060325843565958
1016,4.184876640079764
1017,4.113199249100814
1018,4.205660753756608
1019,4.033161022711682
1020,4.20989500372084
1021,4.1258139742193025
1022,4.0952891458408
1023,4.52403440133536
1024,4.211380262262817
1025,4.03346295902319
1026,4.025349145745075
1027,3.534652089132491
1028,3.730942570997572
1029,3.2541392799705817
1030,3.73419838867789
1031,3.8403255022480898
1032,3.6151142533795024
1033,3.4998200994762527
1034,3.136357363132191
1035,3.5125219912300856
1036,3.568953745898288
1037,3.491055630078726
1038,3.5920208802047995
1039,3.5397087051900638
1040,3.6202405515529943
1041,3.5663127752584893
1042,3.5549502514091187
1043,3.209322777184291
1044,2.959149258259198
1045,2.9076640062623715
1046,2.6595193288616747
1047,2.5559670538569965
1048,2.0971257758623647
1049,2.3554878890336517
1050,2.161715688724061
1051,2.168057705138973
1052,2.745157339681008
1053,2.1919779491525997
1054,2.2336513158464117
1055,2.4591746396920406
1056,2.1969229362860405
1057,2.5144927037132216
1058,2.811865014012463
1059,2.1096511073290736
1060,2.6191567002488223
1061,2.132796259812451
1062,2.226928220950631
1063,1.7731197454652892
1064,1.8926160331781183
1065,1.9322181977935928
1066,1.969757508778488
1067,2.050010018880302
1068,1.9939265017526016
1069,1.7417403172175687
1070,1.614974369133064
1071,1.3852595344907863
1072,0.969421739443944
1073,0.913031691755581
1074,2.8290491699686986
1075,2.764078591200631
1076,3.3843731966565764
1077,3.032237286775042
1078,2.942932219144465
1079,2.782161682072565
1080,2.7466694762453105
1081,2.884572563132577
1082,3.5116468479592355
1083,2.9842752522309346
1084,3.300166263736798
1085,3.261648168798509
1086,2.6805872225312926
1087,2.4013730602712395
1088,2.5960924894831034
1089,2.1578209224850515
1090,1.6355361948885694
1091,1.4133528369208688
1092,1.4511379805437024
1093,1.3866890592800258
1094,1.4965829443059946
1095,1.7478434351095977
1096,2.025247605681625
1097,2.6871980592785376
1098,3.1971333220080864
1099,2.641104686397924
1100,2.13647588017217
1101,1.9810953091066819
1102,1.9486247031993145
1103,1.8619581909481557
1104,2.5155583188578694
1105,1.879200016293472
1106,1.3973565779682546
1107,0.7748710308445415
1108,0.9978138064122329
1109,1.046175422980565
1110,1.5189700097702097
1111,1.5404755727779973
1112,2.132098752732858
1113,1.9846816962975404
1114,2.2175162570820497
1115,2.36546939297946
1116,2.1586359496349
1117,2.247966668276532
1118,2.250204982331974
1119,2.553637949038732
1120,2.3161590629884223
1121,2.4563634106377052
1122,1.8479600269938936
1123,1.8234045704125685
1124,1.460440280038241
1125,1.5326651920846688
1126,2.063647772634049
1127,1.751502662088176
1128,1.9011031528138977
1129,1.1468968480274968
1130,1.150270075080429
1131,1.53034692476481
1132,1.5911293830690623
1133,1.5216019756233825
1134,1.0485668266310617
1135,0.9085538284855075
1136,0.793117467999062
1137,0.9474119933555936
1138,0.7791580078265888
1139,0.6633678862962087
1140,0.5782426885764386
1141,0.9595434722042108
1142,1.0602212704589464
1143,0.950978779286888
1144,0.7428968662424644
1145,0.8837360404248806
1146,0.8136142637114817
1147,0.9436804666112776
1148,1.2310480377244284
1149,1.4105539363539712
1150,1.8160246667001243
1151,2.0920022250622607
1152,1.9406163682609074
1153,1.6227435553675122
1154,1.5052738084456516
1155,1.3419646750997665
1156,1.1624354506104448
1157,1.0292256512947089
1158,1.2092162220944018
1159,1.8023112821528064
1160,1.3162529349664382
1161,1.0861948649058948
1162,1.2351360611848974
1163,1.972541320440486
1164,2.146507505352306
1165,2.1242599418282557
1166,1.8065744338562868
1167,1.6144091123606898
1168,1.5252290925335406
1169,1.159073621066506
1170,0.6830424907688416
1171,1.5093170236248108
1172,1.755439416459927
1173,1.451486119028924
1174,1.4345506677394317
1175,1.3398599056781106
1176,1.7488489334970818
1177,1.9666083354783197
1178,1.91464417471172
1179,1.9042505492444919
1180,1.885668122997473
1181,1.6779277978765583
1182,1.1981095831514894
1183,1.3198525495798947
1184,1.2326583211837265
1185,1.1892753163319214
1186,1.2554349830977378
1187,1.2426003963302272
1188,1.6497636542479897
1189,1.6605863301055874
1190,1.7031193463083627
1191,1.404957842013627
1192,2.028559175642394
1193,1.8804320155230643
1194,1.5793391815652005
1195,1.4594264773820746
1196,1.5251087306434332
1197,1.6876136978434855
1198,1.5534410678906108
1199,1.1074300485625195
1200,1.5411375259144622
1201,1.4696605450460865
1202,1.5722618396107129
1203,1.5391553392686186
1204,1.7502157789847428
1205,2.166452660382245
1206,2.309600648009385
1207,2.4825735250924685
1208,2.4065247417819373
1209,2.7795315584753397
1210,2.885689803188209
1211,2.823650572897742
1212,3.121449300829259
1213,2.650502093945893
1214,2.383838132437832
1215,2.3355003913206844
1216,2.3293347983330848
1217,2.6222342254304163
1218,2.6532022978577436
1219,2.6283258814397006
1220,2.3120111266924384
1221,2.1517150329706927
1222,2.2787696249462064
1223,2.5664277373364257
1224,2.433825581762699
1225,2.4993656223685274
1226,3.0668683913417794
1227,2.4954807676783055
1228,2.85786562563358
1229,2.644977724385188
1230,1.925813989778944
1231,2.2351318585272244
1232,1.8994804552652669
1233,2.1086451696238844
1234,1.643262907189515
1235,1.647365992121969
1236,1.9177886129211719
1237,1.8508811719328122
1238,1.7756385775447712
1239,1.532055784654583
1240,1.5313608964404541
1241,1.5784073303962742
1242,1.3552473834826444
1243,1.865861388265742
1244,2.115074338774288
1245,2.167940112680504
1246,1.6580082147267023
1247,1.9060411645578976
1248,2.1844641797468007
1249,2.054826341215406
1250,1.41160351012865
1251,1.1402943524594988
1252,1.3029071400513337
1253,1.0838117192749124
1254,1.1210120495907936
1255,1.007154757744229
1256,1.1180925033298432
1257,1.4044437518700785
1258,1.250643985880682
1259,1.1933320876121563
1260,1.249468467802635
1261,1.2598377428886147
1262,1.2632154490869671
1263,1.6413435816621638
1264,1.646775290157594
1265,1.102340807192552
1266,1.1331030086927143
1267,1.0732285148514817
1268,1.7546890639460484
1269,1.9930728331129173
1270,1.852185472273118
1271,1.8232059614419667
1272,1.8192093464758392
1273,1.5957391482799494
1274,1.6751252876243623
1275,1.744322594928867
1276,2.012778214122272
1277,2.072749347497684
1278,2.1439150769839195
1279,1.5173447951669605
1280,1.6644586580655885
1281,1.5186474185118017
1282,1.3397156343964305
1283,1.5553253663153728
1284,1.3900396873914869
1285,2.438087884096978
1286,2.130289463213249
1287,1.6972408436887818
1288,1.7809014428760856
1289,1.7650889912954157
1290,1.6470446040782294
1291,1.888529473553975
1292,1.940875631815719
1293,1.761985822890372
1294,1.9499135584416898
1295,1.87554575742035
1296,2.1694903080470147
1297,2.1698565394281477
1298,2.407492263896243
1299,2.3744344250733267
1300,2.2586052642718735
1301,2.3665646160434743
1302,2.20660588456198
1303,1.858271141469287
1304,2.059499081269102
1305,2.210874124497153
1306,2.646301815258529
1307,2.7179629304711903
1308,2.717122113446991
1309,2.8348551736220045
1310,2.619218157718078
1311,2.290566521707202
1312,1.9476266371367343
1313,2.1527085950554588
1314,1.8645093587453185
1315,2.0990918820029223
1316,1.517975453927551
1317,1.9001823491541374
1318,2.0682313525231066
1319,1.921985638932741
1320,1.9834741282415815
1321,2.215729050673033
1322,1.9213874516802534
1323,2.00563498125935
1324,2.2572504686055845
1325,2.6020896603420773
1326,2.579156423266975
1327,3.2015058792367985
1328,3.046957214145514
1329,3.311528120758685
1330,3.81393291320089
1331,3.823634270193481
1332,3.567235193827356
1333,2.8770251669549
1334,3.4784756007561537
1335,3.9188912511031995
1336,3.470454852841984
1337,4.999581232027305
1338,5.2257600586604225
1339,5.194216561713678
1340,4.908192916542765
1341,4.504454765571183
1342,4.360693162331876
1343,4.903627716776967
1344,4.667990768054824
1345,4.195138274426595
1346,3.7222406263649503
1347,3.6014448992832064
1348,4.381956596197618
1349,5.632035504650875
1350,6.508169631619161
1351,6.342729800930765
1352,6.494314423787894
1353,6.816389560713193
1354,6.941191713742961
1355,6.638918027546012
1356,6.161864813075485
1357,6.194680135707676
1358,5.821509030360605
1359,5.70647318276768
1360,5.854208309731501
1361,5.770114427488764
1362,6.166291489948019
1363,6.242450263927946
1364,5.929432281778519
1365,5.6268288487632585
1366,5.536113300605662
1367,5.709810735639055
1368,5.304037109944507
1369,5.2205940325144065
1370,5.192193764064175
1371,5.341539859388302
1372,5.057972575365919
1373,4.719017217350858
1374,4.414213443766362
1375,4.681546408884224
1376,5.005568835196161
1377,4.661170045535282
1378,4.792065545659835
1379,4.5665503492817825
1380,4.631345134351278
1381,4.360704503646372
1382,4.3448400190066145
1383,4.068249229936009
1384,3.95230283099501
1385,4.02863178709815
1386,4.3005716150052775
1387,4.322871008210182
1388,4.07773141018294
1389,4.641266187432582
1390,4.744655091851537
1391,4.3594711477810115
1392,4.34073105817751
1393,4.262290499632963
1394,4.609668632071248
1395,4.24524675692252
1396,4.164251580214236
1397,4.505074007037289
1398,4.312387214356508
1399,4.029723026717448
1400,3.829955802687535
1401,3.7874630878106634
1402,3.8919704405712423
1403,3.845822473419983
1404,4.082829719199742
1405,4.126758383439121
1406,4.179600116176214
1407,4.045280233353965
1408,3.9601507612475664
1409,3.7338565299804864
1410,3.6844123034468867
1411,3.6200288236274094
1412,3.556214510710777
1413,3.4864435261742717
1414,3.2289806082722112
1415,2.9510844000189866
1416,2.7936774231976176
1417,3.319163332053382
1418,3.1468843644059015
1419,2.5225923072690697
1420,3.377996426742915
1421,3.818763559682102
1422,2.9319378144769868
1423,3.2450482833837064
1424,3.313716040539989
1425,3.5133350216998966
1426,3.230075275304473
1427,2.656678962936906
1428,3.288583034384761
1429,3.6292496154001888
1430,5.06979484738606
1431,5.448888358333217
1432,4.915354507025878
1433,4.3916066190282645
1434,4.129579648505603
1435,4.614601228940855
1436,5.22807579429918
1437,5.276416348695018
1438,5.800481257464701
1439,5.328215599768986
1440,5.350959065137827
1441,5.616192799682133
1442,5.112187596130931
1443,4.897101960025122
1444,4.874456165872258
1445,4.7679521713394655
1446,4.992203831629575
1447,4.868617056411495
1448,4.210960190693663
1449,4.363990523835553
1450,4.760250491879671
1451,4.579461515077476
1452,4.58902243024217
1453,4.848232388596881
1454,4.960669001865757
1455,4.766831646421306
1456,4.6499755644322605
1457,4.32690559966574
1458,4.103496623561136
1459,3.5422579291215817
1460,3.050890696439347
1461,2.5745280628865674
1462,2.8281803124411895
1463,2.6117677977677927
1464,3.0302447595289
1465,3.044234686140346
1466,3.1393478723783534
1467,2.959064625914055
1468,2.814217864378965
1469,2.328124237571226
1470,1.6742180130093052
1471,1.8342572332615283
1472,1.8435392371042854
1473,1.8100192857637734
1474,1.6318126282272662
1475,1.341408168347054
1476,1.1801640609992512
1477,2.4204681597277267
1478,2.495710939939
1479,2.514717663621928
1480,2.864551074054739
1481,2.982859705231274
1482,2.8228587426202507
1483,3.1914566307529104
1484,4.037260474696363
1485,4.535684171388496
1486,4.885770097567682
1487,4.517012616562126
1488,4.430456295237885
1489,4.092042938225414
1490,3.85860203921936
1491,3.849320326255078
1492,3.960595049349078
1493,4.341524430387461
1494,3.9049568106781627
1495,3.9513613292511756
1496,4.03890929026608
1497,3.7967317099283893
1498,3.9277116594808024
1499,4.018030427889274
1500,3.982676835665833
1501,3.8596068009726014
1502,3.703376641205868
1503,4.017780336780638
1504,3.835221516773915
1505,3.6598454041450768
1506,3.655756690200156
1507,3.656956952601878
1508,3.6171384076273685
1509,3.7869958832037773
1510,3.8383717248244356
1511,3.9284398728920866
1512,3.6816804004396726
1513,3.431275062200773
1514,3.452097861600622
1515,3.255189763877661
1516,3.369213539581935
1517,3.372145910755057
1518,3.165280023611471
1519,3.1442003855343024
1520,3.1446146274314395
1521,3.287159547665713
1522,3.1474401213492107
1523,3.418475441877635
1524,3.5581595616224657
1525,3.440836489657117
1526,3.236442560584207
1527,2.9285340415508196
1528,2.866588834699234
1529,2.9123954683625533
1530,3.0957577441385373
1531,3.205038682368701
1532,3.384089069588988
1533,3.341231102002306
1534,3.0245815368288467
1535,3.1212002145632254
1536,3.2292621359065747
1537,3.2957437515758583
1538,2.9522608908277035
1539,3.156536028116969
1540,3.3380775778438267
1541,3.326094358630788
1542,3.235118605693829
1543,2.9795789839692897
1544,3.030625562019197
1545,3.1073235321768653
1546,3.1030750324253216
1547,3.157519976842917
1548,3.142971975065269
1549,3.1188816606017067
1550,2.9153089400656422
1551,3.1391933177511375
1552,2.849446088938806
1553,2.7284545470306076
1554,2.708878301690728
1555,2.803635651361166
1556,3.037087018427464
1557,3.346556262208669
1558,2.979078153802111
1559,2.7933333432927263
1560,2.7723994689358267
1561,2.367257045241642
1562,2.3747737908936477
1563,2.5454898044873073
1564,2.453507036998206
1565,2.3085992289743746
1566,2.3226415839322
1567,1.850163185940008
1568,2.228278895331039
1569,1.998822466615216
1570,1.8128144394196706
1571,2.147037339978752
1572,1.6987111545831513
1573,1.4887122478770765
1574,1.6285608652061923
1575,2.0110885688829994
1576,2.3696097686922535
1577,2.2182016309949186
1578,1.4667861620255644
1579,1.453665925922222
1580,0.8469988469893717
1581,1.1483756942330237
1582,1.3700267282553749
1583,1.5480707007109729
1584,1.4342854229413229
1585,1.6024767020862647
1586,1.2508891869920458
1587,0.40081038050004925
1588,0.3313340634100166
1589,0.7428475268130986
1590,0.5567438379259793
1591,0.253660819759877
1592,0.30857105882247393
1593,0.8136155102951588
1594,0.8394802380975934
1595,0.5076624284142515
1596,0.43263079980470454
1597,0.896478411788241
1598,0.5730951614961193
1599,0.523243829555489
1600,0.6818008732323313
1601,0.8595089699673704
1602,0.6362080153972013
1603,0.545464118697108
1604,0.781747803582014
1605,0.5585293764232921
1606,0.481140711275003
1607,0.43212911460244485
1608,0.6754324812573729
1609,0.8338471475944514
1610,1.143012605147061
1611,1.2313229196046083
1612,0.9752186867473335
1613,0.483301534407183
1614,0.26651984314682337
1615,0.4316511757060216
1616,0.5562187925203919
1617,0.5415695929093793
1618,0.3131040223122531
1619,0.4823735935033612
1620,0.7178203337743305
1621,0.7170285921089867
1622,0.5876694171538064
1623,0.37936086012770676
1624,0.5041089783719861
1625,0.208363515946188
1626,0.6372468214441929
1627,0.6689886514012144
1628,0.49075039689491656
1629,0.6609946331055473
1630,0.6410234880920963
1631,1.281584946597243
1632,1.1607326399845967
1633,1.0974124781312753
1634,1.405473419849488
1635,1.5997466894338337
1636,1.4048270404197227
1637,1.2995480672927309
1638,1.3655138128602902
1639,1.3214603852491547
1640,1.6701580845001773
1641,1.1113964398599454
1642,1.1833070809312884
1643,0.8733716791835129
1644,1.0842483074355354
1645,0.6765109719667418
1646,0.9108156191619339
1647,0.9564391282282556
1648,1.0341190291529696
1649,1.128887806283488
1650,0.978140739372005
1651,0.9278939734080109
1652,0.9252631175743858
1653,0.20385945036342337
1654,0.7351395548486799
1655,0.5704471703475918
1656,0.3903942461279494
1657,0.7384287622616991
1658,1.0369078530061457
1659,0.8942625801101082
1660,1.0961378063849894
1661,1.1407100549593132
1662,1.3023363475526295
1663,1.2124151967323313
1664,1.3742026287498696
1665,2.1307403078672476
1666,2.126063688084633
1667,1.9536743147210152
1668,2.2661106327405482
1669,2.2885138231593007
1670,2.113365754870501
1671,0.6921120346005394
1672,0.676254721261153
1673,0.9127574630504641
1674,1.3086234240215093
1675,1.701723388378493
1676,1.4778575113810803
1677,2.5025959233613464
1678,2.4728022737672606
1679,1.969708609970506
1680,1.798319159383635
1681,1.9338999873099414
1682,1.7376042175530086
1683,1.9999748026286115
1684,2.8544339797727662
1685,2.623341434042168
1686,2.1313606747906997
1687,2.003780379764974
1688,2.212653695218063
1689,2.3425645742499617
1690,1.8731015861476286
1691,1.3084418449934867
1692,1.580369660065025
1693,1.3386825966239262
1694,2.416042582208212
1695,1.5853556144729966
1696,1.5366870306835179
1697,1.357812254897902
1698,0.5936497340317678
1699,0.27801923516852306
1700,0.43022277122737573
1701,0.8519875926908587
1702,0.6776433639538649
1703,0.6008544678471947
1704,0.6533338611928874
1705,0.54984642897604
1706,0.8606137542612934
1707,0.3288885397163203
1708,0.25885667935690587
1709,0.29330963477714506
1710,0.30754286110625767
1711,0.26747104676683087
1712,0.5442831167882533
1713,0.29102275565688623
1714,1.0862154773578954
1715,1.0019951075815645
1716,0.8238704229846164
1717,0.7126086466163031
1718,0.7191523742922579
1719,0.9299774210483258
1720,1.032566567381906
1721,0.8946550866877553
1722,1.2472746079949073
1723,0.5202462451306626
1724,0.582024167556821
1725,0.7067333357606276
1726,0.5280323059644612
1727,0.5763772131161862
1728,0.9413328042155688
1729,1.5137818108915866
1730,1.9135046656494363
1731,1.5679150181858952
1732,1.4928031179309786
1733,1.0295407368280596
1734,1.236960478535831
1735,1.1466822326427841
1736,2.1669177301729694
1737,2.2890845190450997
1738,2.245989791169583
1739,2.5120071885191386
1740,2.2736953643285442
1741,2.2068435154529618
1742,2.2122733732446584
1743,2.2051149312183194
1744,2.4662507762109382
1745,2.5629953654966386
1746,2.4701195462247707
1747,3.0678029040677646
1748,3.769602009941316
1749,3.447008600390581
1750,3.3908996885239326
1751,3.655063092039539
1752,4.09745798585885
1753,4.255010675127372
1754,5.493500017578344
1755,4.727257624799375
1756,4.720158872642535
1757,4.5527785309438045
1758,4.564258619981151
1759,4.539144765884063
1760,3.9889394822630027
1761,3.871305071377504
1762,3.7864915446656116
1763,3.474818300884381
1764,3.3266457744512787
1765,3.331233998463572
1766,3.257985935196233
1767,3.202752145846785
1768,3.168553288493538
1769,2.9016542373595855
1770,3.2022166176102442
1771,3.3562623090420236
1772,3.47295224609476
1773,3.3920433971505752
1774,3.239556498917897
1775,3.3435012192108697
1776,3.1659208648984656
1777,3.2351624583238
1778,3.3383150333991405
1779,3.56285459780611
1780,3.3394123108013387
1781,3.366561818098716
1782,3.0464140981133045
1783,2.8095245702564475
1784,2.8246502137714966
1785,2.7266628388670964
1786,2.7163986885924265
1787,2.6686034959374627
1788,2.6101509517946297
1789,2.5601735003245962
1790,2.346120693285096
1791,2.744490031832369
1792,2.850668721831844
1793,2.481776129296511
1794,2.39554778362178
1795,2.200391642239109
1796,2.1739683297838344
1797,1.63175198407423
1798,1.7800501609287847
1799,1.8849964311318093
1800,1.604254939382124
1801,1.4575928112161514
1802,1.6849341905836845
1803,1.7098889278874776
1804,2.046783242504589
1805,1.8338177223216467
1806,1.979054835047883
1807,1.7623773383803494
1808,1.9426300317155056
1809,1.81017779712372
1810,1.565699616669814
1811,1.3252065428949529
1812,1.4388911040392136
1813,1.4290842131095105
1814,1.494818461630346
1815,2.0426437424608475
1816,2.3142316251680923
1817,2.34498888823826
1818,2.312251465803884
1819,2.3322082399526947
1820,2.349730769012203
1821,2.112454851160284
1822,2.3160937069209977
1823,2.5011198216056703
1824,2.7420830448847595
1825,2.852061999065451
1826,2.77095129498248
1827,2.761037129422785
1828,2.49242248779543
1829,2.4095733282667435
1830,2.181272705518638
1831,2.1472459723742747
1832,2.4746203033569873
1833,3.1083894588780066
1834,3.306898256725915
1835,4.167306995823872
1836,3.9407180540006954
1837,4.319106769795616
1838,4.108510141916668
1839,3.8301760211930165
1840,3.987574114510711
1841,3.9786955257707697
1842,3.9495898459525285
1843,4.420259181355357
1844,5.0357339484117425
1845,4.284900988359945
1846,4.377389057772131
1847,4.411152418004411
1848,4.20731674811558
1849,3.995672353773066
1850,3.4601316807695595
1851,3.7811000241770167
1852,4.502052420825894
1853,3.970654224910365
1854,4.023158630846707
1855,3.925224832224224
1856,3.791025219803831
1857,3.4738255400192717
1858,3.2884610791519906
1859,2.7095772139801624
1860,2.309054178080339
1861,2.7999042896829796
1862,2.695072613927611
1863,2.7860326227954157
1864,2.8380748178127058
1865,2.82186122601161
1866,3.064918237794253
1867,2.8439895925529948
1868,2.877627058353195
1869,2.8728238134622477
1870,3.2331008654890683
1871,3.1812633085590907
1872,2.9570999201421095
1873,2.9866706203649027
1874,2.898439011383976
1875,3.0792701534415223
1876,3.11071267380818
1877,3.023613401941154
1878,3.553425593375008
1879,3.0760694220387514
1880,3.086128685530943
1881,2.760302043829024
1882,2.2516740076507253
1883,2.2249158472747723
1884,2.0256392287398013
1885,2.3564334123034847
1886,2.655976630783399
1887,2.5026927936673555
1888,2.2832263648620703
1889,2.097052686455593
1890,2.1211035898005997
1891,2.046740362557456
1892,1.7380373952671049
1893,1.9107204543624077
1894,2.0638220842305284
1895,2.0037378671365214
1896,2.004664497073985
1897,1.9828539542605403
1898,1.9335926324392934
1899,1.5347502006474216
1900,1.4977950070318977
1901,1.4300333650294996
1902,1.464903007151716
1903,1.471977241305321
1904,1.4621154367278797
1905,1.8298958779645684
1906,1.8271812482303345
1907,2.26384962532617
1908,2.539470828230854
1909,2.521695924435503
1910,2.2312332266678228
1911,2.5231280655427466
1912,2.4651773930640797
1913,2.3860314477884996
1914,2.432973839810477
1915,2.465146824735547
1916,2.7327948168458724
1917,2.7954725371388602
1918,2.7528307514836245
1919,3.0505156744566815
1920,3.032391417188722
1921,2.6908384495973827
1922,2.411988158698124
1923,2.369389984550109
1924,2.09784219336578
1925,2.0853766378301826
1926,1.734293806471092
1927,1.4741808643148064
1928,1.8229883054256861
1929,1.9709547264627167
1930,1.7492280939977265
1931,1.6410881892049627
1932,1.586259729084298
1933,1.6615324659898298
1934,1.8641913837965578
1935,2.146851824819552
1936,2.160436840891578
1937,2.112457470881809
1938,1.8587160264622145
1939,1.958755365278435
1940,1.9121916972996067
1941,2.148001751542634
1942,2.386575674037653
1943,2.582086195038931
1944,2.7615801554510053
1945,2.8982360507521014
1946,2.73712911338573
1947,3.3677910722443873
1948,2.9646414464655195
1949,1.463112405369355
1950,1.1865743812534426
1951,0.9179408741161686
1952,0.5147231354139991
1953,0.3626707814588504
1954,0.298409891146907
1955,0.45817782962285847
1956,0.7799250856741398
1957,0.7428216483637876
1958,0.6238403101773565
1959,0.7534051882753894
1960,0.9794354232733554
1961,0.683248252907299
1962,0.7786648535227344
1963,0.7142492007247512
1964,0.8282671697379157
1965,0.4484385741106745
1966,0.8201804746946963
1967,0.6515137733988942
1968,0.4121808281682273
1969,0.3897725454166554
1970,0.3964054369177006
1971,0.6855336260560138
1972,0.6397296819995146
1973,0.6244784414747397
1974,0.3743952196158121
1975,0.5837089796055419
1976,0.9070332207194576
1977,0.8123419591859484
1978,0.7059944190408225
1979,1.0307098162418753
1980,0.9319727511826685
1981,1.1884714262684999
1982,0.827817248284884
1983,0.5765232348350933
1984,0.668073083500843
1985,0.595579815879558
1986,0.6269158583387865
1987,0.8049362209183428
1988,0.9659714190049501
1989,0.45931839474972297
1990,0.7712381112904997
1991,0.7438460716332151
1992,0.5414634590436578
1993,0.7113529337199429
1994,1.2890035228373578
1995,2.291410356322518
1996,2.235307747201374
1997,2.371128269913963
1998,2.544523187374122
1999,2.2337282533634264
2000,1.9814042119331043
2001,2.2307461056584112
2002,2.3298038203507114
2003,2.33326173998852
2004,2.1447467332642236
2005,1.7485894118476553
2006,1.5900348205655914
2007,1.4231893352066027
2008,1.3704841454074346
2009,1.4674555173884924
2010,0.9717577826755573
2011,0.7279119431142291
2012,1.1230553500591574
2013,0.9078780408102379
2014,0.642423041012649
2015,0.5948296879827377
2016,0.48615706977779094
2017,0.6075653657974898
2018,0.4902996940548442
2019,0.8928100960780063
2020,1.3051475771270988
2021,1.9777957717978834
2022,2.221107382307962
2023,2.1333766915828782
2024,2.096468636086706
2025,3.8983272489864333
2026,2.712413906447974
2027,2.1762626684091337
2028,3.035570792855744
2029,2.4027235395992577
2030,2.9436770267741723
2031,3.086405277011832
2032,3.330686993801028
2033,3.5444738902116515
2034,3.1976520835288507
2035,3.159517015054431
2036,2.917708735236137
2037,3.0235007549285324
2038,2.98233833643354
2039,3.277300496391822
2040,3.2058043008325496
2041,3.209279303297986
2042,3.3194248104208075
2043,3.0285187977063055
2044,1.9910716967111373
2045,1.5406424027654735
2046,1.8980093184253428
2047,2.239317232233782
2048,2.3970045109732894
2049,2.3699349076796583
2050,1.9326420116801326
2051,2.1418829133222115
2052,2.2280581704894513
2053,2.6969103084746613
2054,3.0107505486096766
2055,3.1378709111200993
2056,3.1925903931857778
2057,3.0757502345945618
2058,3.0798813717118465
2059,2.97432162860473
2060,2.7776091712036837
2061,2.7437635998276475
2062,2.5069962492011792
2063,2.148425000594893
2064,2.301538688278075
2065,3.1221752064617125
2066,3.1543353275546124
2067,2.9278080974295135
2068,2.783752934800545
2069,2.669950137270728
2070,2.4757273022613906
2071,2.2624642030790234
2072,2.545091178920294
2073,2.847368839555275
2074,2.7545687046585927
2075,2.652160661676695
2076,2.464885781576339
2077,2.399550023775845
2078,2.352508863666053
2079,2.127185786337559
2080,2.1297413809332277
2081,2.297881199411743
2082,1.6117662877010057
2083,1.7438895412914066
2084,2.2744962381661273
2085,2.5787576563038166
2086,2.716827702953708
2087,2.606835119243959
2088,2.8995511181577722
2089,2.6609526663721845
2090,2.374559433473215
2091,2.4778278939856153
2092,2.6029338971103626
2093,2.615061651811354
2094,2.062990345130169
2095,2.3166069751984377
2096,2.4551085953444103
2097,2.653662241604369
2098,2.6238129066989533
2099,2.468449979354865
2100,1.6863468059832027
2101,2.5774658108568307
2102,2.448149715405693
2103,2.674112215636475
2104,1.3812697933726794
2105,1.2713712495541978
2106,1.8447588477960335
2107,2.4272492128412733
2108,2.778795334452693
2109,2.340622963740611
2110,2.9254351215986967
2111,3.060443435438708
2112,2.8244259458814156
2113,2.7248043286131702
2114,2.2884728767615905
2115,2.1849209369587403
2116,1.8522023771196805
2117,2.175384649054805
2118,3.2636056850929656
2119,1.8337650316003957
2120,2.3716387677624384
2121,3.0309317233103785
2122,2.956355364449991
2123,2.4276171543203495
2124,2.156043788994548
2125,1.7617908508241733
2126,1.4574148551130943
2127,1.9883519258817977
2128,2.143879023148058
2129,1.9156227999041073
2130,1.6132570313690127
2131,1.8975267652178707
2132,1.6234676005555437
2133,1.425058986580024
2134,1.4384599476164164
2135,1.3837945766365511
2136,1.2428405554570192
2137,1.170663791394027
2138,0.9634922346164291
2139,0.8654759459444219
2140,0.9462666973984999
2141,0.8902288848989299
2142,1.0064483980028862
2143,0.9810466130237663
2144,0.8714312484284237
2145,0.7267308731163344
2146,0.6574287194213652
2147,0.4257604268717954
2148,0.4575903668376349
2149,0.7011894628612613
2150,0.7920451206347381
2151,0.9735540534677559
2152,1.0461399245304337
2153,1.1557538092568462
2154,1.1190491290128166
2155,1.1410956093788178
2156,1.6521919064085429
2157,1.3118780937246006
2158,1.5316237951997125
2159,1.7301605197905134
2160,1.612601940891882
2161,1.6500755556214346
2162,1.6024166913168743
2163,1.7763720301824029
2164,1.6763018258243316
2165,1.844185784500367
2166,1.3684523416313048
2167,1.373718959159552
2168,1.0587513253842136
2169,0.8997484348135245
2170,1.8893709759549995
2171,2.1417943247133144
2172,2.2574356207653605
2173,2.7996548542860573
2174,2.8275206052205615
2175,2.99833542386323
2176,2.5084341149280442
2177,2.3467300710505743
2178,2.5494960387415397
2179,2.6932074690937355
2180,2.740304807129375
2181,2.3927369015775017
2182,1.7950496421330406
2183,1.549487401056113
2184,2.504995216255091
2185,2.7980580638368195
2186,2.1141371874934993
2187,2.129681824373614
2188,1.43358066453409
2189,0.9714004517276515
2190,1.1602649902609532
2191,1.242067980876286
2192,1.513117615797909
2193,1.6055419693781114
2194,2.162588781999156
2195,2.6177910614309683
2196,2.859612170227759
2197,2.8353537015994417
2198,3.557737200558991
2199,4.004988987613735
2200,3.7893170757835355
2201,3.481739510030158
2202,3.864947373790101
2203,4.270971391774796
2204,4.483114505964394
2205,4.2732198864478885
2206,4.436946508552345
2207,4.67451490527194
2208,4.044875266170724
2209,3.7144703399073618
2210,3.9713498572818153
2211,4.065409189507197
2212,4.673343370321958
2213,5.132062922241901
2214,4.251607924442818
2215,4.684303278999326
2216,4.930432904061655
2217,4.881274834807627
2218,5.376136302107807
2219,5.2407360586947265
2220,4.051591625280533
2221,4.049714163973012
2222,4.99595824754836
2223,5.188648520212619
2224,4.597940199303138
2225,4.255988988523942
2226,4.822339938064285
2227,4.373285103659506
2228,4.508442877251938
2229,3.7147809928377384
2230,4.781157728028136
2231,4.315645955500994
2232,4.249114985850296
2233,4.3283096009674304
2234,4.3088868910494575
2235,4.303051004960222
2236,4.2998487647966765
2237,4.3462021184920685
2238,4.224901911587598
2239,4.311359413758418
2240,4.160149570866063
2241,4.311054690285797
2242,4.42725355319533
2243,4.256396577178295
2244,4.218732359205118
2245,4.424433072682042
2246,3.994308746578677
2247,3.3930581597080955
2248,3.484950523505813
2249,4.799050841078023
2250,4.69363644684278
2251,4.404227978110198
2252,4.39919103341558
2253,4.517188963638847
2254,4.5461901207952184
2255,4.594078941133905
2256,4.57143391545426
2257,4.395325824067445
2258,4.156470174450375
2259,3.905574457936863
2260,3.9011345744470662
2261,3.684497664208024
2262,3.4510591067369685
2263,3.6735699040080427
2264,3.399065433877442
2265,3.3842889740839124
2266,3.4365469199713843
2267,3.391272888065617
2268,3.3127631198523897
2269,3.3585734949590624
2270,3.4696116058937765
2271,3.2191485401175965
2272,2.9992035751015544
2273,3.5265074304952635
2274,3.3480395330028085
2275,2.9388028630902236
2276,3.642434900347562
2277,3.4400147327289963
2278,3.878896079662749
2279,3.7905609824662494
2280,4.098375643342518
2281,4.112916387239858
2282,3.971381251027703
2283,3.6128210433524135
2284,3.3918378362171326
2285,3.116647579642465
2286,3.1312406343769483
2287,3.2365908614402894
2288,3.315318352006922
2289,3.3595436572244513
2290,3.149698823207288
2291,3.027397179568383
2292,2.9448426642375902
2293,2.840721161825529
2294,2.852430804548014
2295,2.7551729643710003
2296,2.595383721535989
2297,2.8372983386973027
2298,2.7911644213564397
2299,2.6904198415844633
2300,2.803606916405883
2301,2.7889010390246844
2302,2.773181854713565
2303,2.4783814591982694
2304,2.5727990881402008
2305,2.7695572724513866
2306,2.550125487993301
2307,2.550101761162185
2308,2.38050976534565
2309,2.6861091262385113
2310,2.747670001184505
2311,2.342941047702813
2312,2.6231458574925144
2313,3.2135287273722724
2314,2.949210217688849
2315,2.908324792987645
2316,2.5739626960111592
2317,2.5156912696540323
2318,2.910325965399242
2319,3.052010630960968
2320,2.5671293324027586
2321,2.221653805069865
2322,2.4512323326680683
2323,2.604845807462098
2324,2.6184059590910445
2325,2.7486480490677607
2326,2.974176921325091
2327,3.0188319220328235
2328,2.599845306668954
2329,2.5012387021381173
2330,2.572990131208881
2331,2.5622174814121497
2332,2.20738127407798
2333,2.288461698388207
2334,2.497763747617267
2335,2.3427458435502566
2336,2.4287264951147676
2337,2.778804053231149
2338,2.6658225340423205
2339,2.4141787731924516
2340,3.324666669719416
2341,3.3769289486734144
2342,3.0321396123810698
2343,3.0518102614500893
2344,2.9094709249564
2345,3.0589826630377313
2346,3.8110970245545936
2347,3.56862522938354
2348,3.566087462772865
2349,3.5942939503760005
2350,3.161842769066498
2351,2.533613055652641
2352,2.335563729711398
2353,2.831300022106742
2354,2.8978686514412395
2355,3.2846969878695775
2356,4.01373252655431
2357,3.218709266770671
2358,3.076002475572388
2359,2.9048451943417186
2360,2.8207970844316503
2361,3.0493476650308957
2362,3.006019080271429
2363,3.345542293184994
2364,3.04558917913162
2365,3.3242940871387083
2366,3.4646928511000357
2367,3.8609176406367984
2368,3.3688540643656903
2369,3.6648600052218967
2370,2.9165623342023888
2371,2.615064409633161
2372,2.3941925767074226
2373,3.115024523839088
2374,3.1617562504092422
2375,2.9533875630025883
2376,2.6394532452793342
2377,1.8108447661010325
2378,2.009650726540089
2379,1.8502274657072084
2380,1.4750673041047146
2381,1.9186032936261026
2382,1.8777990727820608
2383,2.3469834287687554
2384,2.428595332629614
2385,2.4781475938638367
2386,2.6935772171068515
2387,2.897483780216023
2388,3.0187262067733043
2389,3.3475056316750376
2390,3.1863526972359235
2391,3.598083138569233
2392,3.305456114049536
2393,2.9355490804241042
2394,2.722297954233073
2395,3.3182855548248753
2396,3.43965317422793
2397,3.2367734743062377
2398,3.4460298313625044
2399,3.6008007600393026
2400,3.566250050680774
2401,3.339979652967225
2402,3.5127830918912863
2403,3.391907891758903
2404,3.6808621249894578
2405,4.056999729021377
2406,3.814972176139366
2407,3.236089583877514
2408,3.5258840012586665
2409,2.773680934491053
2410,4.225676276451638
2411,3.5886377070382682
2412,4.090077282773915
2413,4.297552892351963
2414,3.7573640759344835
2415,5.623777703143657
2416,5.047609738206951
2417,5.295440752686522
2418,5.2187448965076735
2419,5.398924730798773
2420,5.795905484886415
2421,5.536217700131885
2422,4.94918346834333
2423,5.028145402936247
2424,4.664038397687471
2425,4.26525633891217
2426,4.943699726737634
2427,4.8040462565952415
2428,5.029352877863455
2429,4.7322523880749525
2430,4.995846179565069
2431,4.758238369167541
2432,4.600780578390638
2433,4.463494592555172
2434,4.556528343525412
2435,4.7067159201402955
2436,4.518946037993992
2437,4.521002937234461
2438,4.4298956863926175
2439,4.4985940017818935
2440,4.392726461951254
2441,4.205514181451064
2442,4.026368002635429
2443,4.120374926932479
2444,4.159704394674448
2445,3.9597589170470027
2446,3.3428063951681213
2447,3.839426456749779
2448,3.6246769330031277
2449,3.6310788933565368
2450,3.6956078631656877
2451,3.7272387884504274
2452,3.6815117834783533
2453,3.6590724080285173
2454,3.737465076490529
2455,3.699722548764196
2456,3.8151185688772307
2457,3.8957418717410928
2458,3.5074374743486514
2459,3.878382963211691
2460,3.9081277068962987
2461,3.957631043389808
2462,3.9425097866559113
2463,4.205970651182678
2464,3.9166426383981823
2465,4.448576563809763
2466,4.328966873774732
2467,4.292724873041209
2468,4.338126181155149
2469,4.247574179114341
2470,4.412789073787989
2471,4.633597787773734
2472,4.729366540692541
2473,4.398965853826292
2474,4.266102557736265
2475,4.607844220222435
2476,4.536591658807185
2477,4.6028305608035405
2478,4.3240035428250145
2479,4.506105399196484
2480,4.257584562630286
2481,3.971124651712578
2482,4.091193256859943
2483,4.103242120249295
2484,4.057432414417964
2485,3.914689751490264
2486,3.9491539909337074
2487,3.8302157592622876
2488,3.848457478918936
2489,3.8280189140949465
2490,3.8084997727335943
2491,4.023500575860506
2492,3.723964551673638
2493,3.375400740652802
2494,3.204222359730292
2495,2.874896565084597
2496,2.897156476637394
2497,2.5964200745518635
2498,2.5515126705117748
2499,2.184591553739415
2500,2.366387773960431
2501,2.252343467787521
2502,2.0729578639949833
2503,2.5899784769370107
2504,2.692788378141476
2505,2.529335768482878
2506,2.699519778333459
2507,2.627694702804222
2508,2.293109336038644
2509,2.23769776453408
2510,2.4428653052458817
2511,2.4646290484208206
2512,2.4509836248872556
2513,2.462260942299992
2514,2.4631758205107164
2515,2.170168366533371
2516,2.0959787635589815
2517,1.8633844354719185
2518,1.7311108427351956
2519,1.887519193498073
2520,1.7639055900619238
2521,1.833810063656824
2522,1.9237725862453692
2523,1.9638528257688759
2524,2.0274256975006897
2525,2.1397966167680016
2526,2.135065480796051
2527,2.3117314743509607
2528,2.409901544587019
2529,2.608257434354104
2530,2.7990178027523536
2531,2.7633257121419565
2532,2.7765378143369617
2533,2.700509132410089
2534,3.1407435637162107
2535,3.0460179949874138
2536,2.8926597766884723
2537,2.9148339149659592
2538,2.990536641612474
2539,3.0463335765253396
2540,3.331149960248431
2541,3.423932188941879
2542,3.498564232591175
2543,3.471598596975074
2544,3.3773707620929945
2545,3.454899370617128
2546,3.6013339523652173
2547,3.1702889326363377
2548,2.7931940752202893
2549,2.7930367434938477
2550,2.6766382985120583
2551,2.6890416861258943
2552,2.685728960495651
2553,1.9365480364174614
2554,1.2673327800885834
2555,1.258956411996184
2556,2.0242960249664588
2557,2.5940968822666095
2558,2.2368350315580727
2559,1.941387869340848
2560,1.6432654345481117
2561,1.956730720310239
2562,2.0046222092881614
2563,2.110408195794749
2564,2.5191961266446086
2565,2.5609367313023275
2566,2.717310601726424
2567,2.815119085068549
2568,2.220384195191043
2569,1.8224678221251769
2570,1.385373637639046
2571,1.122043544352269
2572,1.4594982014428082
2573,0.8679570204479361
2574,0.6994084192781048
2575,1.9576739733113793
2576,2.6912844042506374
2577,2.5354313081755455
2578,2.534697978498431
2579,1.9517781411691049
2580,1.8842857434743092
2581,1.6422892935163511
2582,2.904433333727814
2583,2.9456882417604633
2584,2.7024650660890064
2585,3.1036740883478093
2586,3.5105229994253633
2587,3.9739489864117306
2588,3.651364062575089
2589,4.029767154144962
2590,3.6339193452142506
2591,2.616392734617658
2592,1.7496151251226622
2593,1.2894705075185229
2594,1.4092607514670208
2595,1.5388972510087973
2596,1.5146682743371542
2597,1.4849423769249985
2598,1.3686326574598544
2599,1.1486794644316087
2600,1.50155704593227
2601,1.9718159551287
2602,1.4227223402200166
2603,1.2638264814200104
2604,0.9779175767298701
2605,1.4951417547115042
2606,2.7954834572276517
2607,2.6076714281719937
2608,3.052140301232714
2609,2.742561294611579
2610,2.8444149768605147
2611,3.037294497916405
2612,2.626462767229639
2613,2.582624174990818
2614,3.0899549887598368
2615,2.8504568889315953
2616,3.1704220275153605
2617,3.341935229735659
2618,4.337172924256302
2619,5.583429622586514
2620,6.028497912407649
2621,6.025950328682685
2622,5.8914816884131564
2623,6.095523425020087
2624,5.732301488871619
2625,5.609894999421881
2626,5.084827697607846
2627,4.554083957792432
2628,5.30413529313946
2629,4.8967399944974055
2630,4.419585410227736
2631,4.362174189239131
2632,4.985488360699225
2633,4.628592491539942
2634,4.911830290798358
2635,5.341822618573101
2636,5.242577614328842
2637,5.0549590980919366
2638,4.879622302575388
2639,4.630606444604535
2640,4.876056853322261
2641,4.706015584389496
2642,5.018721661287434
2643,4.880716109778216
2644,5.003524764010456
2645,5.26780617711248
2646,5.002916474069583
2647,5.58195642205057
2648,5.560627668248654
2649,5.6658842933293805
2650,5.212289702284867
2651,5.163621439083399
2652,4.570561604842579
2653,4.795944110113613
2654,5.214976491232379
2655,5.002446996358923
2656,4.839871935391568
2657,5.262345345495962
2658,5.3912403102532265
2659,5.351229708768814
2660,5.019092038374887
2661,4.4597658741865835
2662,4.538607292080401
2663,4.227556280778829
2664,4.209199007362283
2665,4.311579555474495
2666,3.704879563032105
2667,3.822367270445218
2668,3.901517459425046
2669,4.1353525991410045
2670,4.0344208566608835
2671,3.752961737069445
2672,3.749587308351428
2673,3.5979944713924823
2674,3.8922574442794318
2675,4.704459656390513
2676,4.545143114221675
2677,4.56416177451237
2678,4.394061361280949
2679,4.259844530541861
2680,4.253927509107482
2681,4.357195964080336
2682,3.731898171024557
2683,4.368433682550973
2684,4.3498708953421445
2685,4.391497160020769
2686,4.201797022357831
2687,4.224641264182306
2688,4.137604759630797
2689,4.278466452914664
2690,3.9253769901372673
2691,3.7022062886866345
2692,3.6009680982144925
2693,3.562601099694827
2694,3.3382136591802394
2695,3.240234260224607
2696,3.0524594595549743
2697,2.989907950931253
2698,2.8516390576037556
2699,2.7362966489836786
2700,2.6011767955744567
2701,2.615366808072065
2702,2.5655563315401366
2703,2.6861527256416817
2704,2.594971589143527
2705,2.5638536984299907
2706,2.4323632431777344
2707,2.218139922395754
2708,1.989132390281467
2709,1.882050328115677
2710,1.9440966934216926
2711,2.003003684405388
2712,1.7602085599047
2713,1.7053624096961746
2714,1.8015856935481922
2715,1.949398712984654
2716,2.0453528813464263
2717,2.0514372746108855
2718,2.1996441561343
2719,2.331937867055568
2720,2.578070023737977
2721,2.430937871971692
2722,2.236972714650897
2723,2.3033867712681015
2724,2.416174650169975
2725,2.2109823019863177
2726,2.103513629157885
2727,2.437863029467125
2728,2.4126267080137804
2729,2.5073246194528696
2730,3.035921727666406
2731,3.0729838374294056
2732,2.863296255525343
2733,2.843464901949724
2734,2.9788062941235247
2735,2.92872190953503
2736,3.0146597272225297
2737,3.177112558944638
2738,3.30745213998382
2739,3.128081725513821
2740,3.2007583288899086
2741,3.518641395258361
2742,4.007722670418535
2743,3.612453524924486
2744,2.6775569015415357
2745,1.456872799378868
2746,2.805816584691174
2747,3.3761950092030864
2748,3.822572751566812
2749,3.3438702742390762
2750,3.699873313877383
2751,3.843711219504254
2752,3.7050459756038614
2753,3.515575145981497
2754,3.3662248619471544
2755,3.2473849277000624
2756,3.102951851058231
2757,3.234253621712527
2758,3.2752652576819603
2759,3.4229073670959007
2760,3.0377989670360086
2761,3.0655772099161513
2762,3.4399512991098278
2763,3.4617927222851317
2764,3.4714774462222815
2765,3.462643846608662
2766,3.3638996515243504
2767,3.275213042955885
2768,3.2347314810355305
2769,3.200533687277851
2770,3.2653039154479995
2771,3.250321254222155
