index,windspeed_m/s
0,4.684068912147584
1,5.063613570151465
2,4.795597698631991
3,4.861499026347707
4,4.355244373198198
5,4.5015721748864985
6,4.5925731460632555
7,4.731722496228472
8,4.930459295474535
9,5.216242044894851
10,5.235775367179303
11,5.165031995070931
12,4.930824639660813
13,5.110921875408797
14,4.876031466818997
15,4.722353835820766
16,4.584180477136803
17,4.485046419710821
18,4.21969299161432
19,4.055506076766672
20,3.970455349137287
21,4.000361082466015
22,4.0212515253721826
23,4.038884498482657
24,4.114684930156343
25,4.241332629454917
26,3.9863620774854414
27,3.834444699613298
28,3.8563680228298582
29,3.6595447958317635
30,3.5655697784210636
31,3.65607707490896
32,3.770259071052771
33,3.5590190232617736
34,3.2711622033769374
35,3.3484173914092974
36,3.8991633237385495
37,3.9824992715621335
38,3.3323457142572
39,2.8363946094657817
40,3.0753664986047444
41,2.6643250620165713
42,2.3325732933633696
43,2.4688516224038874
44,2.520318517136554
45,2.040163685817116
46,2.1819755014192825
47,2.366416608956902
48,2.7710909410446907
49,2.952382361493651
50,2.7797826748122625
51,2.4721505268373902
52,2.7472663005481035
53,2.9042422804818298
54,3.433730960634887
55,4.151032447240664
56,4.158701878495507
57,3.3521556055648256
58,2.8703106925313957
59,3.310912113576479
60,3.5810131689428
61,4.422150241449747
62,4.742074719060235
63,4.593557778921566
64,5.17388811424596
65,5.178348989140921
66,4.93208086556531
67,4.725902089193441
68,4.486026129950541
69,4.475655347304388
70,4.4569209607772295
71,4.392567621178235
72,4.264549866351476
73,4.221449530110316
74,4.021854762767596
75,4.337077818767385
76,4.391988699287569
77,4.3474715717209875
78,3.7559384589493967
79,3.20808496542615
80,3.7711949382166474
81,3.4117838860593483
82,3.3334008037954423
83,3.175704530386197
84,3.0628798046205548
85,4.343027914120423
86,3.940822143537528
87,4.30408645689862
88,4.462404537779532
89,4.845359432486278
90,4.86311195703334
91,4.942623911262863
92,4.9273310688298535
93,4.766102109004693
94,4.824979496895844
95,4.791041179746622
96,4.936421836977262
97,4.6807717997829865
98,4.856608246151625
99,4.552949322610578
100,4.5071154201042125
101,4.377976777123181
102,4.431505694355464
103,4.497702039956372
104,4.239011043638879
105,4.565683470849658
106,4.60928302523137
107,4.376726148188029
108,4.963174073482825
109,5.028068455270822
110,4.601119950187943
111,5.025919965931304
112,4.94347121122939
113,4.110437402420657
114,3.5652237324448968
115,3.941616944375574
116,4.603583501909801
117,4.802038742476699
118,5.014385716464584
119,4.786047734897186
120,4.737889422025471
121,4.694068229781424
122,4.9183075244553995
123,4.808772494639083
124,4.869872014235907
125,4.862858810389434
126,4.838627653835118
127,4.7839491080151735
128,4.993030635880175
129,4.93948735599473
130,4.859105420377755
131,4.612673759810933
132,4.641740990652269
133,4.813135769877774
134,5.068598900894556
135,4.940176699914594
136,5.004978187328709
137,5.004479294020273
138,4.670178366770241
139,4.740721663007598
140,4.560978585702233
141,4.626819706306907
142,4.45775166890046
143,4.6330914190127315
144,4.482783542374458
145,4.196833720754863
146,3.9688208846039084
147,3.8986553776462305
148,4.013445900604213
149,4.173103784600729
150,4.791941846205977
151,4.543840822631282
152,4.35750365757341
153,3.9402088657752583
154,3.641529207518076
155,3.6643941168252976
156,3.4489582437689545
157,3.7638219779300153
158,3.432627367511872
159,2.7805211556168703
160,2.1211488405092136
161,2.6928393143768607
162,3.1929675331092033
163,3.275957627310172
164,3.5907691399737374
165,2.912187728316626
166,3.471163753491901
167,4.04740983138757
168,3.87718088765269
169,3.5498056395444846
170,4.20967903939097
171,4.1277288066861475
172,3.8363394405880262
173,3.5117534253456526
174,3.641063275649055
175,3.7030574771346534
176,3.759308155972513
177,4.097138769565134
178,4.4828090575819814
179,4.109258244885873
180,3.909798291915755
181,4.004986813308487
182,3.8350612637889196
183,3.98906283708778
184,3.9117096900410027
185,4.292424387144228
186,4.026176096533934
187,4.604022796771897
188,3.274948446023752
189,3.8403401199374567
190,4.073313394523029
191,3.359092081850752
192,3.5345387449052
193,3.442573807149015
194,3.5660223256467916
195,3.42816000602766
196,3.2151026280953348
197,3.426920469222693
198,3.234622464669842
199,3.378715206156761
200,3.1175354488745066
201,3.148593331903459
202,3.1425404611378314
203,2.9145002744984327
204,3.208050491983665
205,3.202594174258283
206,3.3707392159432104
207,3.535348242722279
208,3.7570136193187733
209,4.269886730092806
210,4.436358313558646
211,4.447401309645911
212,3.9598805260195906
213,3.686209146758183
214,3.693072909584696
215,3.569763035204815
216,3.5479951032783807
217,3.4180314831771748
218,3.1047961384894904
219,3.009293617549789
220,3.1183631264519085
221,3.221256442742782
222,2.9417487655509884
223,3.2415853171392173
224,3.1832885176194607
225,2.839775246691042
226,3.049270200120755
227,2.88414770927912
228,2.9994747610978387
229,2.9536376572474534
230,2.67477256225518
231,2.1645218255986696
232,1.92540581536342
233,1.9783470230503601
234,2.0650311493714266
235,2.3098547327848116
236,2.4442616971199658
237,2.392917957864484
238,3.072528073107691
239,2.7440533246195455
240,2.9029712153939484
241,3.06070025779444
242,2.9448679043443753
243,3.842010918401076
244,3.3514809677682824
245,3.16505734032607
246,3.1556752832165844
247,3.2470940996585007
248,3.4424424861648792
249,3.5334442626860874
250,3.562704166816041
251,3.4032333296678257
252,3.0900775506249674
253,3.1984848640172996
254,3.30744273377994
255,3.1408500197197373
256,2.941953327578382
257,2.978088749056779
258,2.757918916169815
259,2.583475217841864
260,2.6788173618236955
261,2.678796517677017
262,2.6146664159829696
263,2.521220870530092
264,2.534724797242767
265,2.550851441612658
266,2.9052153273367582
267,2.604530677367544
268,2.9515622446667447
269,2.3943265600735435
270,2.425358421754719
271,2.68122009219508
272,2.5547044770033778
273,2.5145480997588754
274,2.382927699872833
275,2.4855219210405295
276,2.7387324868926246
277,2.4370101083544498
278,2.336704402618882
279,2.297334444401965
280,2.8597631094892675
281,2.507164993267746
282,2.3316194438610043
283,2.3870697031076222
284,2.2177647975195693
285,1.795601802154489
286,1.9847151961749647
287,1.9512145911116936
288,1.9017723949924248
289,1.5155213016879032
290,1.1600774980353987
291,1.6249002062153937
292,2.2795114187234065
293,2.0372412143526266
294,2.2988251158224418
295,2.359603251805126
296,2.6336000802889834
297,2.386957749913694
298,2.3732779377574955
299,1.93716925546775
300,2.211915799006252
301,2.3889363289489336
302,1.9263567882492758
303,1.9042910583725923
304,2.0280469433603354
305,1.856530951345881
306,1.7828735087054939
307,2.3555743206780995
308,2.30755804878609
309,2.5556756975670294
310,2.5573648390767434
311,2.3882726650382007
312,2.7023857596958214
313,2.598411726532021
314,2.558722180671436
315,2.310033874560245
316,2.1061059644830293
317,2.255707268737671
318,2.298197651531476
319,2.5136154066222485
320,2.8153161864554095
321,2.881873919321742
322,2.6886260547679637
323,2.465993003346121
324,2.41153969628831
325,2.4955751700448987
326,2.2823586977276102
327,1.9400080804941229
328,2.0873761716505923
329,2.0710039984851236
330,1.8005793773323238
331,1.7101579987035036
332,1.5406708105179374
333,1.537623666111643
334,1.6382884473551473
335,1.770859126785593
336,1.792587850394584
337,1.9118856813504226
338,1.7944131223903765
339,1.942389459209968
340,2.0750590240387456
341,2.422995420738507
342,2.0887409625451614
343,2.0170678769439254
344,2.61135187782566
345,2.4448194623272475
346,2.2289737538648873
347,2.4006009959353753
348,2.284863268725003
349,2.130040682224007
350,2.0887342855125874
351,2.027942705648521
352,2.058391216375974
353,2.1128501502930623
354,1.9802235568247286
355,1.9814012205386307
356,1.9192367187232426
357,1.8822912728644237
358,1.7609931435530395
359,2.335085478662413
360,2.07635325690574
361,2.1457917562245883
362,2.3498583366202714
363,2.57359624110944
364,2.783655759999066
365,3.531329524536666
366,4.019575164888076
367,4.029727829178523
368,3.594748556692705
369,3.7048541455882105
370,3.221909042516516
371,2.573080660253288
372,3.3873401702663477
373,5.281950683021907
374,4.487637403981405
375,4.025688016209086
376,3.546351991457627
377,4.242917896097836
378,4.170900146706158
379,3.2299629129120135
380,1.396949264606221
381,1.85573400455787
382,2.7902597292278615
383,4.62508240070769
384,4.074646446545189
385,3.2839532790671235
386,3.344479598831828
387,4.443626187836035
388,3.9663874956073135
389,3.8713051480125245
390,3.7564196623056634
391,4.214575903651506
392,3.7497463938742204
393,3.8126114396792445
394,3.191029161537711
395,4.29676733749253
396,4.786494004211937
397,3.765060995964982
398,4.148470404407199
399,3.6544518699495634
400,3.303922585539498
401,3.5866350071581885
402,3.794506244765265
403,2.95540482309748
404,3.7677694360012928
405,3.5628727001376745
406,3.6264039665661576
407,3.4048004960661284
408,3.262380756486074
409,3.2069474423319004
410,3.892508524583862
411,3.699210637732056
412,3.3441864348853496
413,3.71446300504463
414,4.503203243711611
415,5.2966163364649805
416,5.73555673220219
417,3.7406423971285605
418,4.377890052962245
419,4.2585816926471605
420,3.1737048977767213
421,3.623404800221109
422,3.6376260453174396
423,3.7629288401863454
424,4.067304089510898
425,4.411914152684793
426,3.89290568725795
427,3.4148730865718657
428,3.855479488417165
429,3.5275544330034863
430,3.531549027720217
431,3.376494112576781
432,3.7730021971351957
433,3.9297738525508805
434,3.656243791162614
435,3.129470170199628
436,3.011339746906112
437,3.2033210614350676
438,3.0397654898594064
439,2.913770285586685
440,3.1045854353553186
441,2.9060118290125665
442,3.001395898909703
443,3.3225344434515742
444,3.4319947854991693
445,3.905011477457282
446,4.332010044907985
447,3.847251787192045
448,4.26350070000044
449,3.453129153748055
450,3.0716119609856394
451,3.3451498962679813
452,3.8774834636172995
453,4.1069567104517395
454,3.677979914183989
455,3.3920565488937204
456,3.401554800132162
457,3.2336286758616453
458,2.954303478297849
459,2.990070790220677
460,2.703394329220356
461,2.3810393014572413
462,2.6624610766813745
463,2.4728563117465203
464,2.057053751993094
465,2.3428993312742667
466,2.394321434586997
467,2.614081968236136
468,2.0733638086103796
469,1.9400449948251546
470,2.3593430459788194
471,2.6767639851128875
472,2.6998838738518467
473,2.6898358847205253
474,2.132848071075737
475,2.931831228338185
476,2.2609082852543305
477,2.6921680395464125
478,3.330582292929759
479,3.093099863852516
480,3.6929127139957205
481,3.622125832445116
482,4.035550452910803
483,4.9591589484454515
484,6.068011331681994
485,5.5620071727386335
486,5.020662608544268
487,4.730577934440354
488,5.115105269392365
489,5.048124031444529
490,4.473374143566023
491,4.202262326212306
492,5.588509227114165
493,5.220082331436956
494,5.22040249709754
495,4.408457074505454
496,4.128394819152751
497,3.5028375293606118
498,2.7042964384384347
499,3.5398685021689555
500,4.163408447467908
501,4.4699600860256465
502,4.330225383734026
503,4.2598744880048764
504,4.47799089347026
505,4.405636800874732
506,4.348236658833102
507,4.039635899305885
508,4.008649508730015
509,4.162590247293577
510,4.004646457694337
511,4.190982860946793
512,4.565045238149531
513,4.503704596017744
514,4.21887771745139
515,3.9397600278467784
516,4.1972257020423145
517,3.991220491003425
518,4.148360470360576
519,3.8752751349709036
520,3.563255613605538
521,4.6522314054438
522,4.662216528782853
523,4.12415154750658
524,4.184830943461833
525,4.472130416237976
526,4.294077185159028
527,4.542289731638873
528,4.92911747363052
529,4.36161844050037
530,4.799485929659032
531,4.916121892645489
532,4.711070845057508
533,4.851713858409552
534,4.597876443544497
535,4.5153077994679
536,4.7556075296114715
537,4.653652064316073
538,5.0707506886555445
539,5.162491859963812
540,4.94528330341642
541,4.862350661504144
542,4.999335259993722
543,4.512260264355965
544,4.462165561509154
545,4.28632832501698
546,4.192615412950553
547,3.8629074385465163
548,3.414686381657322
549,3.059499447719147
550,3.1917620718291735
551,3.03711913844616
552,3.3905187018958456
553,3.3689129871486982
554,2.855386816424256
555,2.769174800780517
556,2.225552382891291
557,2.5418420222087375
558,2.9656377458708687
559,3.6090309317104863
560,3.3904685482559067
561,3.6848993759685538
562,3.6765779049546072
563,3.9178150594675856
564,3.312632693470257
565,2.8108825811566613
566,1.9815399144328627
567,2.447727754078541
568,3.060018036257436
569,3.757243409968742
570,3.396829893243866
571,3.5083265687326897
572,3.5456518750073855
573,3.64213479033996
574,3.507485170453985
575,3.5733247089176032
576,3.4553708950017543
577,3.2387427786121035
578,3.372961457081633
579,3.3463994092624096
580,3.17515145172731
581,3.4455677302387815
582,3.224852174766163
583,3.7802261324514297
584,3.575786885983708
585,3.591947335404279
586,4.154971943551044
587,3.740927576949335
588,4.181417430522837
589,3.794390966757149
590,3.5471317943498697
591,3.976856863746025
592,3.941870405640787
593,3.8941421283291735
594,3.466449548067701
595,2.9943373548915555
596,3.2978860131340664
597,3.8427836956688455
598,4.170796926645392
599,4.276531482743447
600,3.830996538728774
601,3.4742715184290427
602,3.729764519652748
603,3.663109224100319
604,3.820463777345333
605,3.9407845831594717
606,4.199761237697086
607,4.105527813337418
608,3.7842519410076796
609,3.9085470069790804
610,3.472069445579924
611,3.936722853249224
612,3.8059127470832093
613,3.792922667075075
614,3.73342182707868
615,3.184776898739609
616,3.6306092412987994
617,3.357836315831007
618,3.6524861485424833
619,3.7394089188252955
620,3.512384577756824
621,3.178559377124316
622,2.8568510623388312
623,2.776281212600648
624,3.159146157408921
625,3.6660289278231093
626,4.030334946871895
627,4.772914871276124
628,4.650755940624759
629,3.946213204599837
630,4.4103116364683705
631,4.970049290551912
632,4.695064380213182
633,4.75210908491842
634,5.271938474796374
635,5.151436604818699
636,4.8077877701895115
637,5.440590175551593
638,4.971585586838823
639,4.768389233752524
640,4.082601370896026
641,5.139997246475996
642,4.868500033504202
643,3.8927246626933947
644,4.334627240527077
645,4.14244618055675
646,4.755561388757407
647,5.019590819747522
648,5.445013001578121
649,5.811031302475108
650,4.913101024223795
651,4.324984128656141
652,4.479997745586892
653,4.236813205499919
654,4.165096230013393
655,4.15089549892178
656,4.418800986017651
657,4.279822133676664
658,4.0586852602377155
659,3.7121140471341056
660,3.7708951828848813
661,3.6709215767120824
662,3.4798610368407745
663,3.212410633862694
664,2.852576196234056
665,2.801798819802435
666,2.6793271375998495
667,2.662018915189412
668,2.5647578514226916
669,2.878549428704093
670,0.9436804666112776
671,1.2310480377244284
672,1.4105539363539712
673,1.8160246667001243
674,2.0920022250622607
675,1.9406163682609074
676,1.6227435553675122
677,1.5052738084456516
678,1.3419646750997665
679,1.1624354506104448
680,1.0292256512947089
681,1.2092162220944018
682,1.8023112821528064
683,1.3162529349664382
684,1.0861948649058948
685,1.2351360611848974
686,1.972541320440486
687,2.146507505352306
688,2.1242599418282557
689,1.8065744338562868
690,1.6144091123606898
691,1.5252290925335406
692,1.159073621066506
693,0.6830424907688416
694,1.5093170236248108
695,1.755439416459927
696,1.451486119028924
697,1.4345506677394317
698,1.3398599056781106
699,1.7488489334970818
700,1.9666083354783197
701,1.91464417471172
702,1.9042505492444919
703,1.885668122997473
704,1.6779277978765583
705,1.1981095831514894
706,1.3198525495798947
707,1.2326583211837265
708,1.1892753163319214
709,1.2554349830977378
710,1.2426003963302272
711,1.6497636542479897
712,1.6605863301055874
713,1.7031193463083627
714,1.404957842013627
715,2.028559175642394
716,1.8804320155230643
717,1.5793391815652005
718,1.4594264773820746
719,1.5251087306434332
720,1.6876136978434855
721,1.5534410678906108
722,1.1074300485625195
723,1.5411375259144622
724,1.4696605450460865
725,1.5722618396107129
726,1.5391553392686186
727,1.7502157789847428
728,2.166452660382245
729,2.309600648009385
730,2.4825735250924685
731,2.4065247417819373
732,2.7795315584753397
733,2.885689803188209
734,2.823650572897742
735,3.121449300829259
736,2.650502093945893
737,2.383838132437832
738,2.3355003913206844
739,2.3293347983330848
740,2.6222342254304163
741,2.6532022978577436
742,2.6283258814397006
743,2.3120111266924384
744,2.1517150329706927
745,2.2787696249462064
746,2.5664277373364257
747,2.433825581762699
748,2.4993656223685274
749,3.0668683913417794
750,2.4954807676783055
751,2.85786562563358
752,2.644977724385188
753,1.925813989778944
754,2.2351318585272244
755,1.8994804552652669
756,2.1086451696238844
757,1.643262907189515
758,1.647365992121969
759,1.9177886129211719
760,1.8508811719328122
761,1.7756385775447712
762,1.532055784654583
763,1.5313608964404541
764,1.5784073303962742
765,1.3552473834826444
766,1.865861388265742
767,2.115074338774288
768,2.167940112680504
769,1.6580082147267023
770,1.9060411645578976
771,2.1844641797468007
772,2.054826341215406
773,1.41160351012865
774,1.1402943524594988
775,1.3029071400513337
776,1.0838117192749124
777,1.1210120495907936
778,1.007154757744229
779,1.1180925033298432
780,1.4044437518700785
781,1.250643985880682
782,1.1933320876121563
783,1.249468467802635
784,1.2598377428886147
785,1.2632154490869671
786,1.6413435816621638
787,1.646775290157594
788,1.102340807192552
789,1.1331030086927143
790,1.0732285148514817
791,1.7546890639460484
792,1.9930728331129173
793,1.852185472273118
794,1.8232059614419667
795,1.8192093464758392
796,1.5957391482799494
797,1.6751252876243623
798,1.744322594928867
799,2.012778214122272
800,2.072749347497684
801,2.1439150769839195
802,1.5173447951669605
803,1.6644586580655885
804,1.5186474185118017
805,1.3397156343964305
806,1.5553253663153728
807,1.3900396873914869
808,2.438087884096978
809,2.130289463213249
810,1.6972408436887818
811,1.7809014428760856
812,1.7650889912954157
813,1.6470446040782294
814,1.888529473553975
815,1.940875631815719
816,1.761985822890372
817,1.9499135584416898
818,1.87554575742035
819,2.1694903080470147
820,2.1698565394281477
821,2.407492263896243
822,2.3744344250733267
823,2.2586052642718735
824,2.3665646160434743
825,2.20660588456198
826,1.858271141469287
827,2.059499081269102
828,2.210874124497153
829,2.646301815258529
830,2.7179629304711903
831,2.717122113446991
832,2.8348551736220045
833,2.619218157718078
834,2.290566521707202
835,1.9476266371367343
836,2.1527085950554588
837,1.8645093587453185
838,2.0990918820029223
839,1.517975453927551
840,1.9001823491541374
841,2.0682313525231066
842,1.921985638932741
843,1.9834741282415815
844,2.215729050673033
845,1.9213874516802534
846,2.00563498125935
847,2.2572504686055845
848,2.6020896603420773
849,2.579156423266975
850,3.2015058792367985
851,3.046957214145514
852,3.311528120758685
853,3.81393291320089
854,3.823634270193481
855,3.567235193827356
856,2.8770251669549
857,3.4784756007561537
858,3.9188912511031995
859,3.470454852841984
860,4.999581232027305
861,5.2257600586604225
862,5.194216561713678
863,4.908192916542765
864,4.504454765571183
865,4.360693162331876
866,4.903627716776967
867,4.667990768054824
868,4.195138274426595
869,3.7222406263649503
870,3.6014448992832064
871,4.381956596197618
872,5.632035504650875
873,6.508169631619161
874,6.342729800930765
875,6.494314423787894
876,6.816389560713193
877,6.941191713742961
878,6.638918027546012
879,6.161864813075485
880,6.194680135707676
881,5.821509030360605
882,5.70647318276768
883,5.854208309731501
884,5.770114427488764
885,6.166291489948019
886,6.242450263927946
887,5.929432281778519
888,5.6268288487632585
889,5.536113300605662
890,5.709810735639055
891,5.304037109944507
892,5.2205940325144065
893,5.192193764064175
894,5.341539859388302
895,5.057972575365919
896,4.719017217350858
897,4.414213443766362
898,4.681546408884224
899,5.005568835196161
900,4.661170045535282
901,4.792065545659835
902,4.5665503492817825
903,4.631345134351278
904,4.360704503646372
905,4.3448400190066145
906,4.068249229936009
907,3.95230283099501
908,4.02863178709815
909,4.3005716150052775
910,4.322871008210182
911,4.07773141018294
912,4.641266187432582
913,4.744655091851537
914,4.3594711477810115
915,4.34073105817751
916,4.262290499632963
917,4.609668632071248
918,4.24524675692252
919,4.164251580214236
920,4.505074007037289
921,4.312387214356508
922,4.029723026717448
923,3.829955802687535
924,3.7874630878106634
925,3.8919704405712423
926,3.845822473419983
927,4.082829719199742
928,4.126758383439121
929,4.179600116176214
930,4.045280233353965
931,3.9601507612475664
932,3.7338565299804864
933,3.6844123034468867
934,3.6200288236274094
935,3.556214510710777
936,3.4864435261742717
937,3.2289806082722112
938,2.9510844000189866
939,2.7936774231976176
940,3.319163332053382
941,3.1468843644059015
942,2.5225923072690697
943,3.377996426742915
944,3.818763559682102
945,2.9319378144769868
946,3.2450482833837064
947,3.313716040539989
948,3.5133350216998966
949,3.230075275304473
950,2.656678962936906
951,3.288583034384761
952,3.6292496154001888
953,5.06979484738606
954,5.448888358333217
955,4.915354507025878
956,4.3916066190282645
957,4.129579648505603
958,4.614601228940855
959,5.22807579429918
960,5.276416348695018
961,5.800481257464701
962,5.328215599768986
963,5.350959065137827
964,5.616192799682133
965,5.112187596130931
966,4.897101960025122
967,4.874456165872258
968,4.7679521713394655
969,4.992203831629575
970,4.868617056411495
971,4.210960190693663
972,4.363990523835553
973,4.760250491879671
974,4.579461515077476
975,4.58902243024217
976,4.848232388596881
977,4.960669001865757
978,4.766831646421306
979,4.6499755644322605
980,4.32690559966574
981,4.103496623561136
982,3.5422579291215817
983,3.050890696439347
984,2.5745280628865674
985,2.8281803124411895
986,2.6117677977677927
987,3.0302447595289
988,3.044234686140346
989,3.1393478723783534
990,2.959064625914055
991,2.814217864378965
992,2.328124237571226
993,1.6742180130093052
994,1.8342572332615283
995,1.8435392371042854
996,1.8100192857637734
997,1.6318126282272662
998,1.341408168347054
999,1.1801640609992512
1000,2.4204681597277267
1001,2.495710939939
1002,2.514717663621928
1003,2.864551074054739
1004,2.982859705231274
1005,2.8228587426202507
1006,3.1914566307529104
1007,4.037260474696363
1008,4.535684171388496
1009,4.885770097567682
1010,4.517012616562126
1011,4.430456295237885
1012,4.092042938225414
1013,3.85860203921936
1014,3.849320326255078
1015,3.960595049349078
1016,4.341524430387461
1017,3.9049568106781627
1018,3.9513613292511756
1019,4.03890929026608
1020,3.7967317099283893
1021,3.9277116594808024
1022,4.018030427889274
1023,3.982676835665833
1024,3.8596068009726014
1025,3.703376641205868
1026,4.017780336780638
1027,3.835221516773915
1028,3.6598454041450768
1029,3.655756690200156
1030,3.656956952601878
1031,3.6171384076273685
1032,3.7869958832037773
1033,3.8383717248244356
1034,3.9284398728920866
1035,3.6816804004396726
1036,3.431275062200773
1037,3.452097861600622
1038,3.255189763877661
1039,3.369213539581935
1040,3.372145910755057
1041,3.165280023611471
1042,3.1442003855343024
1043,3.1446146274314395
1044,3.287159547665713
1045,3.1474401213492107
1046,3.418475441877635
1047,3.5581595616224657
1048,3.440836489657117
1049,3.236442560584207
1050,2.9285340415508196
1051,2.866588834699234
1052,2.9123954683625533
1053,3.0957577441385373
1054,3.205038682368701
1055,3.384089069588988
1056,3.341231102002306
1057,3.0245815368288467
1058,3.1212002145632254
1059,3.2292621359065747
1060,3.2957437515758583
1061,2.9522608908277035
1062,3.156536028116969
1063,3.3380775778438267
1064,3.326094358630788
1065,3.235118605693829
1066,2.9795789839692897
1067,3.030625562019197
1068,3.1073235321768653
1069,3.1030750324253216
1070,3.157519976842917
1071,3.142971975065269
1072,3.1188816606017067
1073,2.9153089400656422
1074,3.1391933177511375
1075,2.849446088938806
1076,2.7284545470306076
1077,2.708878301690728
1078,2.803635651361166
1079,3.037087018427464
1080,3.346556262208669
1081,2.979078153802111
1082,2.7933333432927263
1083,2.7723994689358267
1084,2.367257045241642
1085,2.3747737908936477
1086,2.5454898044873073
1087,2.453507036998206
1088,2.3085992289743746
1089,2.3226415839322
1090,1.850163185940008
1091,2.228278895331039
1092,1.998822466615216
1093,1.8128144394196706
1094,2.147037339978752
1095,1.6987111545831513
1096,1.4887122478770765
1097,1.6285608652061923
1098,2.0110885688829994
1099,2.3696097686922535
1100,2.2182016309949186
1101,1.4667861620255644
1102,1.453665925922222
1103,0.8469988469893717
1104,1.1483756942330237
1105,1.3700267282553749
1106,1.5480707007109729
1107,1.4342854229413229
1108,1.6024767020862647
1109,1.2508891869920458
1110,0.40081038050004925
1111,0.3313340634100166
1112,0.7428475268130986
1113,0.5567438379259793
1114,0.253660819759877
1115,0.30857105882247393
1116,0.8136155102951588
1117,0.8394802380975934
1118,0.5076624284142515
1119,0.43263079980470454
1120,0.896478411788241
1121,0.5730951614961193
1122,0.523243829555489
1123,0.6818008732323313
1124,0.8595089699673704
1125,0.6362080153972013
1126,0.545464118697108
1127,0.781747803582014
1128,0.5585293764232921
1129,0.481140711275003
1130,0.43212911460244485
1131,0.6754324812573729
1132,0.8338471475944514
1133,1.143012605147061
1134,1.2313229196046083
1135,0.9752186867473335
1136,0.483301534407183
1137,0.26651984314682337
1138,0.4316511757060216
1139,0.5562187925203919
1140,0.5415695929093793
1141,0.3131040223122531
1142,0.4823735935033612
1143,0.7178203337743305
1144,0.7170285921089867
1145,0.5876694171538064
1146,0.37936086012770676
1147,0.5041089783719861
1148,0.208363515946188
1149,0.6372468214441929
1150,0.6689886514012144
1151,0.49075039689491656
1152,0.6609946331055473
1153,0.6410234880920963
1154,1.281584946597243
1155,1.1607326399845967
1156,1.0974124781312753
1157,1.405473419849488
1158,1.5997466894338337
1159,1.4048270404197227
1160,1.2995480672927309
1161,1.3655138128602902
1162,1.3214603852491547
1163,1.6701580845001773
1164,1.1113964398599454
1165,1.1833070809312884
1166,0.8733716791835129
1167,1.0842483074355354
1168,0.6765109719667418
1169,0.9108156191619339
1170,0.9564391282282556
1171,1.0341190291529696
1172,1.128887806283488
1173,0.978140739372005
1174,0.9278939734080109
1175,0.9252631175743858
1176,0.20385945036342337
1177,0.7351395548486799
1178,0.5704471703475918
1179,0.3903942461279494
1180,0.7384287622616991
1181,1.0369078530061457
1182,0.8942625801101082
1183,1.0961378063849894
1184,1.1407100549593132
1185,1.3023363475526295
1186,1.2124151967323313
1187,1.3742026287498696
1188,2.1307403078672476
1189,2.126063688084633
1190,1.9536743147210152
1191,2.2661106327405482
1192,2.2885138231593007
1193,2.113365754870501
1194,0.6921120346005394
1195,0.676254721261153
1196,0.9127574630504641
1197,1.3086234240215093
1198,1.701723388378493
1199,1.4778575113810803
1200,2.5025959233613464
1201,2.4728022737672606
1202,1.969708609970506
1203,1.798319159383635
1204,1.9338999873099414
1205,1.7376042175530086
1206,1.9999748026286115
1207,2.8544339797727662
1208,2.623341434042168
1209,2.1313606747906997
1210,2.003780379764974
1211,2.212653695218063
1212,2.3425645742499617
1213,1.8731015861476286
1214,1.3084418449934867
1215,1.580369660065025
1216,1.3386825966239262
1217,2.416042582208212
1218,1.5853556144729966
1219,1.5366870306835179
1220,1.357812254897902
1221,0.5936497340317678
1222,0.27801923516852306
1223,0.43022277122737573
1224,0.8519875926908587
1225,0.6776433639538649
1226,0.6008544678471947
1227,0.6533338611928874
1228,0.54984642897604
1229,0.8606137542612934
1230,0.3288885397163203
1231,0.25885667935690587
1232,0.29330963477714506
1233,0.30754286110625767
1234,0.26747104676683087
1235,0.5442831167882533
1236,0.29102275565688623
1237,1.0862154773578954
1238,1.0019951075815645
1239,0.8238704229846164
1240,0.7126086466163031
1241,0.7191523742922579
1242,0.9299774210483258
1243,1.032566567381906
1244,0.8946550866877553
1245,1.2472746079949073
1246,0.5202462451306626
1247,0.582024167556821
1248,0.7067333357606276
1249,0.5280323059644612
1250,0.5763772131161862
1251,0.9413328042155688
1252,1.5137818108915866
1253,1.9135046656494363
1254,1.5679150181858952
1255,1.4928031179309786
1256,1.0295407368280596
1257,1.236960478535831
1258,1.1466822326427841
1259,2.1669177301729694
1260,2.2890845190450997
1261,2.245989791169583
1262,2.5120071885191386
1263,2.2736953643285442
1264,2.2068435154529618
1265,2.2122733732446584
1266,2.2051149312183194
1267,2.4662507762109382
1268,2.5629953654966386
1269,2.4701195462247707
1270,3.0678029040677646
1271,3.769602009941316
1272,3.447008600390581
1273,3.3908996885239326
1274,3.655063092039539
1275,4.09745798585885
1276,4.255010675127372
1277,5.493500017578344
1278,4.727257624799375
1279,4.720158872642535
1280,4.5527785309438045
1281,4.564258619981151
1282,4.539144765884063
1283,3.9889394822630027
1284,3.871305071377504
1285,3.7864915446656116
1286,3.474818300884381
1287,3.3266457744512787
1288,3.331233998463572
1289,3.257985935196233
1290,3.202752145846785
1291,3.168553288493538
1292,2.9016542373595855
1293,3.2022166176102442
1294,3.3562623090420236
1295,3.47295224609476
1296,3.3920433971505752
1297,3.239556498917897
1298,3.3435012192108697
1299,3.1659208648984656
1300,3.2351624583238
1301,3.3383150333991405
1302,3.56285459780611
1303,3.3394123108013387
1304,3.366561818098716
1305,3.0464140981133045
1306,2.8095245702564475
1307,2.8246502137714966
1308,2.7266628388670964
1309,2.7163986885924265
1310,2.6686034959374627
1311,2.6101509517946297
1312,2.5601735003245962
1313,2.346120693285096
1314,2.744490031832369
1315,2.850668721831844
1316,2.481776129296511
1317,2.39554778362178
1318,2.200391642239109
1319,2.1739683297838344
1320,1.63175198407423
1321,1.7800501609287847
1322,1.8849964311318093
1323,1.604254939382124
1324,1.4575928112161514
1325,1.6849341905836845
1326,1.7098889278874776
1327,2.046783242504589
1328,1.8338177223216467
1329,1.979054835047883
1330,1.7623773383803494
1331,1.9426300317155056
1332,1.81017779712372
1333,1.565699616669814
1334,1.3252065428949529
1335,1.4388911040392136
1336,1.4290842131095105
1337,1.494818461630346
1338,2.0426437424608475
1339,2.3142316251680923
1340,2.34498888823826
1341,2.312251465803884
1342,2.3322082399526947
1343,2.349730769012203
1344,2.112454851160284
1345,2.3160937069209977
1346,2.5011198216056703
1347,2.7420830448847595
1348,2.852061999065451
1349,2.77095129498248
1350,2.761037129422785
1351,2.49242248779543
1352,2.4095733282667435
1353,2.181272705518638
1354,2.1472459723742747
1355,2.4746203033569873
1356,3.1083894588780066
1357,3.306898256725915
1358,4.167306995823872
1359,3.9407180540006954
1360,4.319106769795616
1361,4.108510141916668
1362,3.8301760211930165
1363,3.987574114510711
1364,3.9786955257707697
1365,3.9495898459525285
1366,4.420259181355357
1367,5.0357339484117425
1368,4.284900988359945
1369,4.377389057772131
1370,4.411152418004411
1371,4.20731674811558
1372,3.995672353773066
1373,3.4601316807695595
1374,3.7811000241770167
1375,4.502052420825894
1376,3.970654224910365
1377,4.023158630846707
1378,3.925224832224224
1379,3.791025219803831
1380,3.4738255400192717
1381,3.2884610791519906
1382,2.7095772139801624
1383,2.309054178080339
1384,2.7999042896829796
1385,2.695072613927611
1386,2.7860326227954157
1387,2.8380748178127058
1388,2.82186122601161
1389,3.064918237794253
1390,2.8439895925529948
1391,2.877627058353195
1392,2.8728238134622477
1393,3.2331008654890683
1394,3.1812633085590907
1395,2.9570999201421095
1396,2.9866706203649027
1397,2.898439011383976
1398,3.0792701534415223
1399,3.11071267380818
1400,3.023613401941154
1401,3.553425593375008
1402,3.0760694220387514
1403,3.086128685530943
1404,2.760302043829024
1405,2.2516740076507253
1406,2.2249158472747723
1407,2.0256392287398013
1408,2.3564334123034847
1409,2.655976630783399
1410,2.5026927936673555
1411,2.2832263648620703
1412,2.097052686455593
1413,2.1211035898005997
1414,2.046740362557456
1415,1.7380373952671049
1416,1.9107204543624077
1417,2.0638220842305284
1418,2.0037378671365214
1419,2.004664497073985
1420,1.9828539542605403
1421,1.9335926324392934
1422,1.5347502006474216
1423,1.4977950070318977
1424,1.4300333650294996
1425,1.464903007151716
1426,1.471977241305321
1427,1.4621154367278797
1428,1.8298958779645684
1429,1.8271812482303345
1430,2.26384962532617
1431,2.539470828230854
1432,2.521695924435503
1433,2.2312332266678228
1434,2.5231280655427466
1435,2.4651773930640797
1436,2.3860314477884996
1437,2.432973839810477
1438,2.465146824735547
1439,2.7327948168458724
1440,2.7954725371388602
1441,2.7528307514836245
1442,3.0505156744566815
1443,3.032391417188722
1444,2.6908384495973827
1445,2.411988158698124
1446,2.369389984550109
1447,2.09784219336578
1448,2.0853766378301826
1449,1.734293806471092
1450,1.4741808643148064
1451,1.8229883054256861
1452,1.9709547264627167
1453,1.7492280939977265
1454,1.6410881892049627
1455,1.586259729084298
1456,1.6615324659898298
1457,1.8641913837965578
1458,2.146851824819552
1459,2.160436840891578
1460,2.112457470881809
1461,1.8587160264622145
1462,1.958755365278435
1463,1.9121916972996067
1464,2.148001751542634
1465,2.386575674037653
1466,2.582086195038931
1467,2.7615801554510053
1468,2.8982360507521014
1469,2.73712911338573
1470,3.3677910722443873
1471,2.9646414464655195
1472,1.463112405369355
1473,1.1865743812534426
1474,0.9179408741161686
1475,0.5147231354139991
1476,0.3626707814588504
1477,0.298409891146907
1478,0.45817782962285847
1479,0.7799250856741398
1480,0.7428216483637876
1481,0.6238403101773565
1482,0.7534051882753894
1483,0.9794354232733554
1484,0.683248252907299
1485,0.7786648535227344
1486,0.7142492007247512
1487,0.8282671697379157
1488,0.4484385741106745
1489,0.8201804746946963
1490,0.6515137733988942
1491,0.4121808281682273
1492,0.3897725454166554
1493,0.3964054369177006
1494,0.6855336260560138
1495,0.6397296819995146
1496,0.6244784414747397
1497,0.3743952196158121
1498,0.5837089796055419
1499,0.9070332207194576
1500,0.8123419591859484
1501,0.7059944190408225
1502,1.0307098162418753
1503,0.9319727511826685
1504,1.1884714262684999
1505,0.827817248284884
1506,0.5765232348350933
1507,0.668073083500843
1508,0.595579815879558
1509,0.6269158583387865
1510,0.8049362209183428
1511,0.9659714190049501
1512,0.45931839474972297
1513,0.7712381112904997
1514,0.7438460716332151
1515,0.5414634590436578
1516,0.7113529337199429
1517,1.2890035228373578
1518,2.291410356322518
1519,2.235307747201374
1520,2.371128269913963
1521,2.544523187374122
1522,2.2337282533634264
1523,1.9814042119331043
1524,2.2307461056584112
1525,2.3298038203507114
1526,2.33326173998852
1527,2.1447467332642236
1528,1.7485894118476553
1529,1.5900348205655914
1530,1.4231893352066027
1531,1.3704841454074346
1532,1.4674555173884924
1533,0.9717577826755573
1534,0.7279119431142291
1535,1.1230553500591574
1536,0.9078780408102379
1537,0.642423041012649
1538,0.5948296879827377
1539,0.48615706977779094
1540,0.6075653657974898
1541,0.4902996940548442
1542,0.8928100960780063
1543,1.3051475771270988
1544,1.9777957717978834
1545,2.221107382307962
1546,2.1333766915828782
1547,2.096468636086706
1548,1.872268881790582
1549,2.0162807685666535
1550,2.8278042247134376
1551,2.6042195938934185
1552,2.9011585963963817
1553,2.561780400041886
1554,3.336738404775303
1555,3.5213518459641437
1556,2.758653887098255
1557,2.653662241604369
1558,2.6238129066989533
1559,2.468449979354865
1560,1.6863468059832027
1561,2.5774658108568307
1562,2.448149715405693
1563,2.674112215636475
1564,1.3812697933726794
1565,1.2713712495541978
1566,1.8447588477960335
1567,2.4272492128412733
1568,2.778795334452693
1569,2.340622963740611
1570,2.9254351215986967
1571,3.060443435438708
1572,2.8244259458814156
1573,2.7248043286131702
1574,2.2884728767615905
1575,2.1849209369587403
1576,1.8522023771196805
1577,2.175384649054805
1578,3.2636056850929656
1579,1.8337650316003957
1580,2.3716387677624384
1581,3.0309317233103785
1582,2.956355364449991
1583,2.4276171543203495
1584,2.156043788994548
1585,1.7617908508241733
1586,1.4574148551130943
1587,1.9883519258817977
1588,2.143879023148058
1589,1.9156227999041073
1590,1.6132570313690127
1591,1.8975267652178707
1592,1.6234676005555437
1593,1.425058986580024
1594,1.4384599476164164
1595,1.3837945766365511
1596,1.2428405554570192
1597,1.170663791394027
1598,0.9634922346164291
1599,0.8654759459444219
1600,0.9462666973984999
1601,0.8902288848989299
1602,1.0064483980028862
1603,0.9810466130237663
1604,0.8714312484284237
1605,0.7267308731163344
1606,0.6574287194213652
1607,0.4257604268717954
1608,0.4575903668376349
1609,0.7011894628612613
1610,0.7920451206347381
1611,0.9735540534677559
1612,1.0461399245304337
1613,1.1557538092568462
1614,1.1190491290128166
1615,1.1410956093788178
1616,1.6521919064085429
1617,1.3118780937246006
1618,1.5316237951997125
1619,1.7301605197905134
1620,1.612601940891882
1621,1.6500755556214346
1622,1.6024166913168743
1623,1.7763720301824029
1624,1.6763018258243316
1625,1.844185784500367
1626,1.3684523416313048
1627,1.373718959159552
1628,1.0587513253842136
1629,0.8997484348135245
1630,1.8893709759549995
1631,2.1417943247133144
1632,2.2574356207653605
1633,2.7996548542860573
1634,2.8275206052205615
1635,2.99833542386323
1636,2.5084341149280442
1637,2.3467300710505743
1638,2.5494960387415397
1639,2.6932074690937355
1640,2.740304807129375
1641,2.3927369015775017
1642,1.7950496421330406
1643,1.549487401056113
1644,2.504995216255091
1645,2.7980580638368195
1646,2.1141371874934993
1647,2.129681824373614
1648,1.43358066453409
1649,0.9714004517276515
1650,1.1602649902609532
1651,1.242067980876286
1652,1.513117615797909
1653,1.6055419693781114
1654,2.162588781999156
1655,2.6177910614309683
1656,2.859612170227759
1657,2.8353537015994417
1658,3.557737200558991
1659,4.004988987613735
1660,3.7893170757835355
1661,3.481739510030158
1662,3.864947373790101
1663,4.270971391774796
1664,4.483114505964394
1665,4.2732198864478885
1666,4.436946508552345
1667,4.67451490527194
1668,4.044875266170724
1669,3.7144703399073618
1670,3.9713498572818153
1671,4.065409189507197
1672,4.673343370321958
1673,5.132062922241901
1674,4.251607924442818
1675,4.684303278999326
1676,4.930432904061655
1677,4.881274834807627
1678,5.376136302107807
1679,5.2407360586947265
1680,4.051591625280533
1681,4.049714163973012
1682,4.99595824754836
1683,5.188648520212619
1684,4.597940199303138
1685,4.255988988523942
1686,4.822339938064285
1687,4.373285103659506
1688,4.508442877251938
1689,3.7147809928377384
1690,4.781157728028136
1691,4.315645955500994
1692,4.249114985850296
1693,4.3283096009674304
1694,4.3088868910494575
1695,4.303051004960222
1696,4.2998487647966765
1697,4.3462021184920685
1698,4.224901911587598
1699,4.311359413758418
1700,4.160149570866063
1701,4.311054690285797
1702,4.42725355319533
1703,4.256396577178295
1704,4.218732359205118
1705,4.424433072682042
1706,3.994308746578677
1707,3.3930581597080955
1708,3.484950523505813
1709,4.799050841078023
1710,4.69363644684278
1711,4.404227978110198
1712,4.39919103341558
1713,4.517188963638847
1714,4.5461901207952184
1715,4.594078941133905
1716,4.57143391545426
1717,4.395325824067445
1718,4.156470174450375
1719,3.905574457936863
1720,3.9011345744470662
1721,3.684497664208024
1722,3.4510591067369685
1723,3.6735699040080427
1724,3.399065433877442
1725,3.3842889740839124
1726,3.4365469199713843
1727,3.391272888065617
1728,3.3127631198523897
1729,3.3585734949590624
1730,3.4696116058937765
1731,3.2191485401175965
1732,2.9992035751015544
1733,3.5265074304952635
1734,3.3480395330028085
1735,2.9388028630902236
1736,3.642434900347562
1737,3.4400147327289963
1738,3.878896079662749
1739,3.7905609824662494
1740,4.098375643342518
1741,4.112916387239858
1742,3.971381251027703
1743,3.6128210433524135
1744,3.3918378362171326
1745,3.116647579642465
1746,3.1312406343769483
1747,3.2365908614402894
1748,3.315318352006922
1749,3.3595436572244513
1750,3.149698823207288
1751,3.027397179568383
1752,2.9448426642375902
1753,2.840721161825529
1754,2.852430804548014
1755,2.7551729643710003
1756,2.595383721535989
1757,2.8372983386973027
1758,2.7911644213564397
1759,2.6904198415844633
1760,2.803606916405883
1761,2.7889010390246844
1762,2.773181854713565
1763,2.4783814591982694
1764,2.5727990881402008
1765,2.7695572724513866
1766,2.550125487993301
1767,2.550101761162185
1768,2.38050976534565
1769,2.6861091262385113
1770,2.747670001184505
1771,2.342941047702813
1772,2.6231458574925144
1773,3.2135287273722724
1774,2.949210217688849
1775,2.908324792987645
1776,2.5739626960111592
1777,2.5156912696540323
1778,2.910325965399242
1779,3.052010630960968
1780,2.5671293324027586
1781,2.221653805069865
1782,2.4512323326680683
1783,2.604845807462098
1784,2.6184059590910445
1785,2.7486480490677607
1786,2.974176921325091
1787,3.0188319220328235
1788,2.599845306668954
1789,2.5012387021381173
1790,2.572990131208881
1791,2.5622174814121497
1792,2.20738127407798
1793,2.288461698388207
1794,2.497763747617267
1795,2.3427458435502566
1796,2.4287264951147676
1797,2.778804053231149
1798,2.6658225340423205
1799,2.4141787731924516
1800,3.324666669719416
1801,3.3769289486734144
1802,3.0321396123810698
1803,3.0518102614500893
1804,2.9094709249564
1805,3.0589826630377313
1806,3.8110970245545936
1807,3.56862522938354
1808,3.566087462772865
1809,3.5942939503760005
1810,3.161842769066498
1811,2.533613055652641
1812,2.335563729711398
1813,2.831300022106742
1814,2.8978686514412395
1815,3.2846969878695775
1816,4.01373252655431
1817,3.218709266770671
1818,3.076002475572388
1819,2.9048451943417186
1820,2.8207970844316503
1821,3.0493476650308957
1822,3.006019080271429
1823,3.345542293184994
1824,3.04558917913162
1825,3.3242940871387083
1826,3.4646928511000357
1827,3.8609176406367984
1828,3.3688540643656903
1829,3.6648600052218967
1830,2.9165623342023888
1831,2.615064409633161
1832,2.3941925767074226
1833,3.115024523839088
1834,3.1617562504092422
1835,2.9533875630025883
1836,2.6394532452793342
1837,1.8108447661010325
1838,2.009650726540089
1839,1.8502274657072084
1840,1.4750673041047146
1841,1.9186032936261026
1842,1.8777990727820608
1843,2.3469834287687554
1844,2.428595332629614
1845,2.4781475938638367
1846,2.6935772171068515
1847,2.897483780216023
1848,3.0187262067733043
1849,3.3475056316750376
1850,3.1863526972359235
1851,3.598083138569233
1852,3.305456114049536
1853,2.9355490804241042
1854,2.722297954233073
1855,3.3182855548248753
1856,3.43965317422793
1857,3.2367734743062377
1858,3.4460298313625044
1859,3.6008007600393026
1860,3.566250050680774
1861,3.339979652967225
1862,3.5127830918912863
1863,3.391907891758903
1864,3.6808621249894578
1865,4.056999729021377
1866,3.814972176139366
1867,3.236089583877514
1868,3.5258840012586665
1869,2.773680934491053
1870,4.225676276451638
1871,3.5886377070382682
1872,4.090077282773915
1873,4.297552892351963
1874,3.7573640759344835
1875,5.623777703143657
1876,5.047609738206951
1877,5.295440752686522
1878,5.2187448965076735
1879,5.398924730798773
1880,5.795905484886415
1881,5.536217700131885
1882,4.94918346834333
1883,5.028145402936247
1884,4.664038397687471
1885,4.26525633891217
1886,4.943699726737634
1887,4.8040462565952415
1888,5.029352877863455
1889,4.7322523880749525
1890,4.995846179565069
1891,4.758238369167541
1892,4.600780578390638
1893,4.463494592555172
1894,4.556528343525412
1895,4.7067159201402955
1896,4.518946037993992
1897,4.521002937234461
1898,4.4298956863926175
1899,4.4985940017818935
1900,4.392726461951254
1901,4.205514181451064
1902,4.026368002635429
1903,4.120374926932479
1904,4.159704394674448
1905,3.9597589170470027
1906,3.3428063951681213
1907,3.839426456749779
1908,3.6246769330031277
1909,3.6310788933565368
1910,3.6956078631656877
1911,3.7272387884504274
1912,3.6815117834783533
1913,3.6590724080285173
1914,3.737465076490529
1915,3.699722548764196
1916,3.8151185688772307
1917,3.8957418717410928
1918,3.5074374743486514
1919,3.878382963211691
1920,3.9081277068962987
1921,3.957631043389808
1922,3.9425097866559113
1923,4.205970651182678
1924,3.9166426383981823
1925,4.448576563809763
1926,4.328966873774732
1927,4.292724873041209
1928,4.338126181155149
1929,4.247574179114341
1930,4.412789073787989
1931,4.633597787773734
1932,4.729366540692541
1933,4.398965853826292
1934,4.266102557736265
1935,4.607844220222435
1936,4.536591658807185
1937,4.6028305608035405
1938,4.3240035428250145
1939,4.506105399196484
1940,4.257584562630286
1941,3.971124651712578
1942,4.091193256859943
1943,4.103242120249295
1944,4.057432414417964
1945,3.914689751490264
1946,3.9491539909337074
1947,3.8302157592622876
1948,3.848457478918936
1949,3.8280189140949465
1950,3.8084997727335943
1951,4.023500575860506
1952,3.723964551673638
1953,3.375400740652802
1954,3.204222359730292
1955,2.874896565084597
1956,2.897156476637394
1957,2.5964200745518635
1958,2.5515126705117748
1959,2.184591553739415
1960,2.366387773960431
1961,2.252343467787521
1962,2.0729578639949833
1963,2.5899784769370107
1964,2.692788378141476
1965,2.529335768482878
1966,2.699519778333459
1967,2.627694702804222
1968,2.293109336038644
1969,2.23769776453408
1970,2.4428653052458817
1971,2.4646290484208206
1972,2.4509836248872556
1973,2.462260942299992
1974,2.4631758205107164
1975,2.170168366533371
1976,2.0959787635589815
1977,1.8633844354719185
1978,1.7311108427351956
1979,1.887519193498073
1980,1.7639055900619238
1981,1.833810063656824
1982,1.9237725862453692
1983,1.9638528257688759
1984,2.0274256975006897
1985,2.1397966167680016
1986,2.135065480796051
1987,2.3117314743509607
1988,2.409901544587019
1989,2.608257434354104
1990,2.7990178027523536
1991,2.7633257121419565
1992,2.7765378143369617
1993,2.700509132410089
1994,3.1407435637162107
1995,3.0460179949874138
1996,2.8926597766884723
1997,2.9148339149659592
1998,2.990536641612474
1999,3.0463335765253396
2000,3.331149960248431
2001,3.423932188941879
2002,3.498564232591175
2003,3.471598596975074
2004,3.3773707620929945
2005,3.454899370617128
2006,3.6013339523652173
2007,3.1702889326363377
2008,2.7931940752202893
2009,2.7930367434938477
2010,2.6766382985120583
2011,2.6890416861258943
2012,2.685728960495651
2013,1.9365480364174614
2014,1.2673327800885834
2015,1.258956411996184
2016,2.0242960249664588
2017,2.5940968822666095
2018,2.2368350315580727
2019,1.941387869340848
2020,1.6432654345481117
2021,1.956730720310239
2022,2.0046222092881614
2023,2.110408195794749
2024,2.5191961266446086
2025,2.5609367313023275
2026,2.717310601726424
2027,2.815119085068549
2028,2.220384195191043
2029,1.8224678221251769
2030,1.385373637639046
2031,1.122043544352269
2032,1.4594982014428082
2033,0.8679570204479361
2034,0.6994084192781048
2035,1.9576739733113793
2036,2.6912844042506374
2037,2.5354313081755455
2038,2.534697978498431
2039,1.9517781411691049
2040,1.8842857434743092
2041,1.6422892935163511
2042,2.904433333727814
2043,2.9456882417604633
2044,2.7024650660890064
2045,3.1036740883478093
2046,3.5105229994253633
2047,3.9739489864117306
2048,3.651364062575089
2049,4.029767154144962
2050,3.6339193452142506
2051,2.616392734617658
2052,1.7496151251226622
2053,1.2894705075185229
2054,1.4092607514670208
2055,1.5388972510087973
2056,1.5146682743371542
2057,1.4849423769249985
2058,1.3686326574598544
2059,1.1486794644316087
2060,1.50155704593227
2061,1.9718159551287
2062,1.4227223402200166
2063,1.2638264814200104
2064,0.9779175767298701
2065,1.4951417547115042
2066,2.7954834572276517
2067,2.6076714281719937
2068,3.052140301232714
2069,2.742561294611579
2070,2.8444149768605147
2071,3.037294497916405
2072,2.626462767229639
2073,2.582624174990818
2074,3.0899549887598368
2075,2.8504568889315953
2076,3.1704220275153605
2077,3.341935229735659
2078,4.337172924256302
2079,5.583429622586514
2080,6.028497912407649
2081,6.025950328682685
2082,5.8914816884131564
2083,6.095523425020087
2084,5.732301488871619
2085,5.609894999421881
2086,5.084827697607846
2087,4.554083957792432
2088,5.30413529313946
2089,4.8967399944974055
2090,4.419585410227736
2091,4.362174189239131
2092,4.985488360699225
2093,4.628592491539942
2094,4.911830290798358
2095,5.341822618573101
2096,5.242577614328842
2097,5.0549590980919366
2098,4.879622302575388
2099,4.630606444604535
2100,4.876056853322261
2101,4.706015584389496
2102,5.018721661287434
2103,4.880716109778216
2104,5.003524764010456
2105,5.26780617711248
2106,5.002916474069583
2107,5.58195642205057
2108,5.560627668248654
2109,5.6658842933293805
2110,5.212289702284867
2111,5.163621439083399
2112,4.570561604842579
2113,4.795944110113613
2114,5.214976491232379
2115,5.002446996358923
2116,4.839871935391568
2117,5.262345345495962
2118,5.3912403102532265
2119,5.351229708768814
2120,5.019092038374887
2121,4.4597658741865835
2122,4.538607292080401
2123,4.227556280778829
2124,4.209199007362283
2125,4.311579555474495
2126,3.704879563032105
2127,3.822367270445218
2128,3.901517459425046
2129,4.1353525991410045
2130,4.0344208566608835
2131,3.752961737069445
2132,3.749587308351428
2133,3.5979944713924823
2134,3.8922574442794318
2135,4.704459656390513
2136,4.545143114221675
2137,4.56416177451237
2138,4.394061361280949
2139,4.259844530541861
2140,4.253927509107482
2141,4.357195964080336
2142,3.731898171024557
2143,4.368433682550973
2144,4.3498708953421445
2145,4.391497160020769
2146,4.201797022357831
2147,4.224641264182306
2148,4.137604759630797
2149,4.278466452914664
2150,3.9253769901372673
2151,3.7022062886866345
2152,3.6009680982144925
2153,3.562601099694827
2154,3.3382136591802394
2155,3.240234260224607
2156,3.0524594595549743
2157,2.989907950931253
2158,2.8516390576037556
2159,2.7362966489836786
2160,2.6011767955744567
2161,2.615366808072065
2162,2.5655563315401366
2163,2.6861527256416817
2164,2.594971589143527
2165,2.5638536984299907
2166,2.4323632431777344
2167,2.218139922395754
2168,1.989132390281467
2169,1.882050328115677
2170,1.9440966934216926
2171,2.003003684405388
2172,1.7602085599047
2173,1.7053624096961746
2174,1.8015856935481922
2175,1.949398712984654
2176,2.0453528813464263
2177,2.0514372746108855
2178,2.1996441561343
2179,2.331937867055568
2180,2.578070023737977
2181,2.430937871971692
2182,2.236972714650897
2183,2.3033867712681015
2184,2.416174650169975
2185,2.2109823019863177
2186,2.103513629157885
2187,2.437863029467125
2188,2.4126267080137804
2189,2.5073246194528696
2190,3.035921727666406
2191,3.0729838374294056
2192,2.863296255525343
2193,2.843464901949724
2194,2.9788062941235247
2195,2.92872190953503
2196,3.0146597272225297
2197,3.177112558944638
2198,3.30745213998382
2199,3.128081725513821
2200,3.2007583288899086
2201,3.518641395258361
2202,4.007722670418535
2203,3.612453524924486
2204,2.6775569015415357
2205,1.456872799378868
2206,2.805816584691174
2207,3.3761950092030864
2208,3.822572751566812
2209,3.3438702742390762
2210,3.699873313877383
2211,3.843711219504254
2212,3.7050459756038614
2213,3.515575145981497
2214,3.3662248619471544
2215,3.2473849277000624
2216,3.102951851058231
2217,3.234253621712527
2218,3.2752652576819603
2219,3.4229073670959007
2220,3.0377989670360086
2221,3.0655772099161513
2222,3.4399512991098278
2223,3.4617927222851317
2224,3.4714774462222815
2225,3.462643846608662
2226,3.3638996515243504
2227,3.275213042955885
2228,3.2347314810355305
2229,3.200533687277851
2230,3.2653039154479995
2231,3.250321254222155
2232,3.017721584657636
2233,2.8324437664492086
2234,3.1808009042247725
2235,3.072372935624278
2236,2.860473356947541
2237,2.776015169193156
2238,2.7623936273474268
2239,3.1723946674225525
2240,3.096004263772107
2241,3.048330630675332
2242,2.9737420405676813
2243,2.826445504882966
2244,2.8348382654035174
2245,2.8993103161985747
2246,2.913211026726509
2247,2.7365727562637776
2248,2.636287612996386
2249,2.9229720769101997
2250,2.574258869482925
2251,2.228417505721565
2252,2.324312536278498
2253,2.413832503818653
2254,2.276419444201878
2255,2.3001208623571445
2256,2.392688400478174
2257,2.9350871735122257
2258,2.84822258987405
2259,2.709979469294418
2260,2.62601788105336
2261,2.768445182188126
2262,2.5293748833950267
2263,2.536284379751933
2264,2.7471026910524787
2265,2.5663113954650383
2266,2.7281250451186545
2267,2.2633742127991883
2268,2.0536908350833225
2269,2.5003726739633887
2270,2.1295739077560487
2271,1.9478890089812053
2272,2.782867233245932
2273,2.7089455043974646
2274,2.825419063135666
2275,3.399517552926698
2276,3.6438060813841338
2277,3.392094908203168
2278,4.676508820126816
2279,5.368676429548303
2280,4.930256398325663
2281,5.171255601713103
2282,6.1041563146391224
2283,5.694691677174108
2284,5.179205275586185
2285,4.728765951932177
2286,4.669070484246201
2287,5.070381669139307
2288,5.2609213939395225
2289,5.667856596721894
2290,5.428555397367318
2291,5.307918256757813
2292,5.214129006734797
2293,5.284862012186195
2294,4.9428080535839065
2295,4.960840856903774
2296,4.56912167390644
2297,4.393427261514182
2298,5.592224126646993
2299,5.588963441102524
2300,5.049066338722276
2301,5.014108528623709
2302,4.766121392217609
2303,3.8466049347118383
2304,4.347207880583218
2305,5.11789529676618
2306,4.664679969874031
2307,4.5345911953256755
2308,4.07497885138709
2309,4.2243649018732
2310,3.449161004753516
2311,3.798074335045032
2312,3.7717453387470505
2313,4.007703893923835
2314,3.8513745304992657
2315,2.792193391482359
2316,3.100345430978833
2317,2.9911789708413625
2318,3.6200306161592866
2319,3.704299824962528
2320,3.1515180085065975
2321,2.653838386742283
2322,2.424361282266811
2323,2.317636153728919
2324,2.445896577621648
2325,2.6139244371166583
2326,2.707737389136853
2327,3.2092774406445086
2328,3.174873357294882
2329,3.209879698350043
2330,2.755124821986618
2331,2.6259934581670787
2332,3.3642841060263753
2333,3.3201630315846233
2334,3.9400963100518336
2335,3.5384059899397937
2336,3.32530818394339
2337,2.767274030004997
2338,3.2335552926890596
