datetime,GPS:dateTimeStamp,mavic_roll,mavic_pitch,mavic_angle
2020-03-26 17:58:55,2020-03-26 17:58:55,2.171723483446362,5.056454332673592,1.8972715246448786
2020-03-26 17:58:56,2020-03-26 17:58:56,2.062102244605191,5.418119805351716,1.9310863884682448
2020-03-26 17:58:57,2020-03-26 17:58:57,1.8188128673143875,5.834556991234239,1.9691337976869647
2020-03-26 17:58:58,2020-03-26 17:58:58,2.42710028547079,5.414266979645264,1.9472724876855096
2020-03-26 17:58:59,2020-03-26 17:58:59,2.285226687085946,5.380640905749477,1.9368072460591748
2020-03-26 17:59:00,2020-03-26 17:59:00,2.3601537936006007,4.756238264039592,1.8759681568034523
2020-03-26 17:59:01,2020-03-26 17:59:01,1.0696939751223924,5.996525229595973,1.9666921582008712
2020-03-26 17:59:02,2020-03-26 17:59:02,0.4780749670850498,5.541824171073995,1.9040677680368248
2020-03-26 17:59:03,2020-03-26 17:59:03,1.5641619709472152,5.074341770681723,1.8760681641348782
2020-03-26 17:59:04,2020-03-26 17:59:04,1.4199882075451553,5.469941899798612,1.9141496038676564
2020-03-26 17:59:05,2020-03-26 17:59:05,1.664499777979461,5.786690798499159,1.9580399696492066
2020-03-26 17:59:06,2020-03-26 17:59:06,2.2262355435565135,6.205593576971903,2.031137325832489
2020-03-26 17:59:07,2020-03-26 17:59:07,2.1073136660516565,6.712805343122244,2.0923230408208866
2020-03-26 17:59:08,2020-03-26 17:59:08,2.0668884213881564,6.0531771112662565,2.005270583969633
2020-03-26 17:59:09,2020-03-26 17:59:09,2.286502282820904,6.137820613812932,2.0254033067996033
2020-03-26 17:59:10,2020-03-26 17:59:10,2.1704996208746525,5.856292756680336,1.9859157766186968
2020-03-26 17:59:11,2020-03-26 17:59:11,2.0355244970771897,5.1220480541873625,1.898246872492777
2020-03-26 17:59:12,2020-03-26 17:59:12,2.228095640948238,4.385749838877603,1.8353182393809817
2020-03-26 17:59:13,2020-03-26 17:59:13,1.5740568965896895,4.54884299157777,1.8248676000650903
2020-03-26 17:59:14,2020-03-26 17:59:14,1.880417405195653,4.715140622465131,1.851329343060982
2020-03-26 17:59:15,2020-03-26 17:59:15,2.3578817724340895,4.96426002466208,1.8964338905403366
2020-03-26 17:59:16,2020-03-26 17:59:16,0.043792359809825335,5.829961632268866,1.935100692795288
2020-03-26 17:59:17,2020-03-26 17:59:17,2.1776017170927426,5.529371387581491,1.948427360755531
2020-03-26 17:59:18,2020-03-26 17:59:18,2.816803720727442,6.278849353205209,2.0704825693030813
2020-03-26 17:59:19,2020-03-26 17:59:19,1.4770605397379062,5.407150956211505,1.908879338013321
2020-03-26 17:59:20,2020-03-26 17:59:20,1.3952013652413529,5.329509148554823,1.8980122259256689
2020-03-26 17:59:21,2020-03-26 17:59:21,1.3096472635738001,5.688195125935161,1.9358606483543497
2020-03-26 17:59:22,2020-03-26 17:59:22,1.3264991134565423,6.148641912010604,1.9916820140268214
2020-03-26 17:59:23,2020-03-26 17:59:23,1.3538866769415643,5.610035287887806,1.9280765072323334
2020-03-26 17:59:24,2020-03-26 17:59:24,1.1399465127813946,5.288034854019592,1.8869623409683811
2020-03-26 17:59:25,2020-03-26 17:59:25,1.8276435992960838,5.320931447742992,1.9112243725042788
2020-03-26 17:59:26,2020-03-26 17:59:26,0.5452810597442463,5.309554836943754,1.8791098587720825
2020-03-26 17:59:27,2020-03-26 17:59:27,-0.5108325901194082,4.878251880968792,1.8339741943393477
2020-03-26 17:59:28,2020-03-26 17:59:28,-0.17735827558588296,4.548789963970603,1.799965678749757
2020-03-26 17:59:29,2020-03-26 17:59:29,1.038029918119798,4.588631131906756,1.8143266555247664
2020-03-26 17:59:30,2020-03-26 17:59:30,0.18023951174257322,4.1502296851175045,1.764588348716643
2020-03-26 17:59:31,2020-03-26 17:59:31,2.7557632492556396,3.6891363170870113,1.8047664252237183
2020-03-26 17:59:32,2020-03-26 17:59:32,1.6834284597626483,4.461294068649806,1.8204516816631156
2020-03-26 17:59:33,2020-03-26 17:59:33,0.32694116860282374,4.745803451727931,1.8194110395238425
2020-03-26 17:59:34,2020-03-26 17:59:34,0.6418422790685372,4.312842766513881,1.7825047756831367
2020-03-26 17:59:35,2020-03-26 17:59:35,0.312435306092993,3.9130060681546044,1.7457160441127542
2020-03-26 17:59:36,2020-03-26 17:59:36,-0.8012174645908038,3.377186377466073,1.711350367542238
2020-03-26 17:59:37,2020-03-26 17:59:37,0.039144810433239606,3.0829792102562554,1.6853684512489622
2020-03-26 17:59:38,2020-03-26 17:59:38,0.4497075030956026,3.065094904514436,1.6862949629269508
2020-03-26 17:59:39,2020-03-26 17:59:39,0.5220624199003343,3.3395246449114575,1.7049908866897283
2020-03-26 17:59:40,2020-03-26 17:59:40,1.9165161157504973,4.375363061118393,1.8212505934617838
2020-03-26 17:59:41,2020-03-26 17:59:41,2.2936176987685366,4.48210849793493,1.847036359365859
2020-03-26 17:59:42,2020-03-26 17:59:42,1.901218426751921,3.9769017222831238,1.7867176680280465
2020-03-26 17:59:43,2020-03-26 17:59:43,1.8697872520396994,4.274858920709853,1.8105865455334254
2020-03-26 17:59:44,2020-03-26 17:59:44,1.4745641659033377,4.177768474659735,1.7887553131893839
2020-03-26 17:59:45,2020-03-26 17:59:45,1.7383217089112548,4.082219528192567,1.789336286871233
2020-03-26 17:59:46,2020-03-26 17:59:46,1.5035849766374663,4.391748632999589,1.8083401084056732
2020-03-26 17:59:47,2020-03-26 17:59:47,1.6869312599404875,4.235855551686534,1.8005792728544066
2020-03-26 17:59:48,2020-03-26 17:59:48,1.9601379091377338,4.516415079118872,1.8357532241888492
2020-03-26 17:59:49,2020-03-26 17:59:49,1.9003420436334628,5.363584611983062,1.9186083342701608
2020-03-26 17:59:50,2020-03-26 17:59:50,2.2566101907238596,5.578360950792064,1.9575051603759022
2020-03-26 17:59:51,2020-03-26 17:59:51,2.869931700110135,6.444371391543556,2.0948499022349694
2020-03-26 17:59:52,2020-03-26 17:59:52,3.025586424335278,5.363212224438382,1.9747495107171744
2020-03-26 17:59:53,2020-03-26 17:59:53,2.4742139021027016,4.065720559112055,1.8195358770711039
2020-03-26 17:59:54,2020-03-26 17:59:54,2.391009444948791,4.30992934339382,1.8362572326563509
2020-03-26 17:59:55,2020-03-26 17:59:55,2.324019347197187,4.540290550503693,1.8538099922094915
2020-03-26 17:59:56,2020-03-26 17:59:56,1.856437647067852,4.555319020072016,1.8353234971884262
2020-03-26 17:59:57,2020-03-26 17:59:57,2.2116866274042626,4.756588727549084,1.8691052824643748
2020-03-26 17:59:58,2020-03-26 17:59:58,2.708698367631425,4.2267273170074215,1.8455048091154254
2020-03-26 17:59:59,2020-03-26 17:59:59,2.1659843721381407,5.391731655832242,1.9326402204714412
2020-03-26 18:00:00,2020-03-26 18:00:00,1.8378764934547553,6.221140059626336,2.017145498086805
2020-03-26 18:00:01,2020-03-26 18:00:01,2.2007488781992746,6.024129288606392,2.0074884245102567
2020-03-26 18:00:02,2020-03-26 18:00:02,2.2974940045232817,5.9294399860026905,2.000406040793351
2020-03-26 18:00:03,2020-03-26 18:00:03,2.2754485530868735,6.108241571423014,2.0212202823190353
2020-03-26 18:00:04,2020-03-26 18:00:04,2.418768078713806,5.632933582270985,1.971397613140013
2020-03-26 18:00:05,2020-03-26 18:00:05,2.4295812811276765,5.663431905829578,1.9754263187925005
2020-03-26 18:00:06,2020-03-26 18:00:06,1.8717886842556801,6.38571013934609,2.0394573623642884
2020-03-26 18:00:07,2020-03-26 18:00:07,1.7782948940588208,6.127997344849795,2.003296624128808
2020-03-26 18:00:08,2020-03-26 18:00:08,2.646681386746876,5.269258802051498,1.942826824935878
2020-03-26 18:00:09,2020-03-26 18:00:09,2.45704968287484,5.273817290207391,1.9335023486050318
2020-03-26 18:00:10,2020-03-26 18:00:10,1.9680781260907403,5.844478231947057,1.9760330323465922
2020-03-26 18:00:11,2020-03-26 18:00:11,2.323753599538836,5.597505550561618,1.9627936534368047
2020-03-26 18:00:12,2020-03-26 18:00:12,2.367892489514618,5.682578422438453,1.974635250057588
2020-03-26 18:00:13,2020-03-26 18:00:13,2.627327490088218,4.934803300669361,1.9071042139027128
2020-03-26 18:00:14,2020-03-26 18:00:14,2.042787078747498,4.454989050404474,1.833503564907744
2020-03-26 18:00:15,2020-03-26 18:00:15,1.6492870691880415,5.366507545333964,1.9098875038739038
2020-03-26 18:00:16,2020-03-26 18:00:16,2.8884761364602713,5.796677502729685,2.015615024853858
2020-03-26 18:00:17,2020-03-26 18:00:17,-0.02141922425784896,5.906021621573183,1.9441616737212684
2020-03-26 18:00:18,2020-03-26 18:00:18,0.7952315201874527,6.570029734843502,2.034675424784396
2020-03-26 18:00:19,2020-03-26 18:00:19,1.404839615738426,6.943246190786912,2.09931533977597
2020-03-26 18:00:20,2020-03-26 18:00:20,1.8930333103367591,7.4991712040934635,2.196703535733718
2020-03-26 18:00:21,2020-03-26 18:00:21,1.6571510610901847,7.367938866850473,2.168576259179545
2020-03-26 18:00:22,2020-03-26 18:00:22,1.826532260076874,7.0097402567938625,2.1224337157748323
2020-03-26 18:00:23,2020-03-26 18:00:23,1.9851454678854226,6.374923454123788,2.0424777000732917
2020-03-26 18:00:24,2020-03-26 18:00:24,1.8586174160163873,6.078929036488194,2.000172405102518
2020-03-26 18:00:25,2020-03-26 18:00:25,1.8754350133105537,6.226201929080757,2.01919432572889
2020-03-26 18:00:26,2020-03-26 18:00:26,1.98252820794401,6.39140939727975,2.0445063526158833
2020-03-26 18:00:27,2020-03-26 18:00:27,1.8994655660531508,6.496552106444535,2.054985404766356
2020-03-26 18:00:28,2020-03-26 18:00:28,1.92713154018784,6.634792316124035,2.0744464692158573
2020-03-26 18:00:29,2020-03-26 18:00:29,1.926799765849738,6.5372521481350505,2.061416836284991
2020-03-26 18:00:30,2020-03-26 18:00:30,2.0077795104244784,6.912477641206461,2.1157320678234584
2020-03-26 18:00:31,2020-03-26 18:00:31,1.9238006063575577,6.295186580661676,2.029812017360541
2020-03-26 18:00:32,2020-03-26 18:00:32,1.793994979218677,5.456973300715655,1.9248991396932809
2020-03-26 18:00:33,2020-03-26 18:00:33,1.7120017102830953,5.775652751526195,1.9583677863114985
2020-03-26 18:00:34,2020-03-26 18:00:34,1.0720880118469334,5.700665443699328,1.93157004430536
2020-03-26 18:00:35,2020-03-26 18:00:35,1.9002852775013637,5.058801957505742,1.8862911665892312
2020-03-26 18:00:36,2020-03-26 18:00:36,1.7449570973303732,4.734259644585072,1.8481768150796114
2020-03-26 18:00:37,2020-03-26 18:00:37,2.0634672584194274,4.774512708560445,1.8644051970093045
2020-03-26 18:00:38,2020-03-26 18:00:38,2.529205236278511,4.997975217802992,1.908349128399621
2020-03-26 18:00:39,2020-03-26 18:00:39,1.902410560064444,5.957924907725379,1.9870548826262535
2020-03-26 18:00:40,2020-03-26 18:00:40,1.1677821283235963,5.52503521117005,1.9136917672699951
2020-03-26 18:00:41,2020-03-26 18:00:41,1.7247108822628512,5.995014754301752,1.985033751718987
2020-03-26 18:00:42,2020-03-26 18:00:42,2.497156363883485,6.969230504755702,2.14590012888128
2020-03-26 18:00:43,2020-03-26 18:00:43,1.5642764292759306,7.127770785204041,2.1303623244051693
2020-03-26 18:00:44,2020-03-26 18:00:44,2.449723700806179,6.614933028755746,2.0948512371098644
2020-03-26 18:00:45,2020-03-26 18:00:45,1.8376512111637844,6.931339963723126,2.111783834531977
2020-03-26 18:00:46,2020-03-26 18:00:46,2.388931845572284,8.151018189581446,2.3208452809152362
2020-03-26 18:00:47,2020-03-26 18:00:47,2.7626317452616296,7.809188512572063,2.28518301210822
2020-03-26 18:00:48,2020-03-26 18:00:48,2.7410243727709007,6.184827419890184,2.054361010462941
2020-03-26 18:00:49,2020-03-26 18:00:49,2.062495162128658,6.440052649224477,2.054098804793142
2020-03-26 18:00:50,2020-03-26 18:00:50,1.7476051619160387,6.5524519318642795,2.056787366975257
2020-03-26 18:00:51,2020-03-26 18:00:51,2.2547258347735086,6.134158555471572,2.023489061539138
2020-03-26 18:00:52,2020-03-26 18:00:52,2.362776914300036,6.472371280782944,2.07173917655588
2020-03-26 18:00:53,2020-03-26 18:00:53,2.632538157154164,6.166689568834361,2.0462030956295365
2020-03-26 18:00:54,2020-03-26 18:00:54,2.7933019189493966,6.725492237770728,2.127928186135705
2020-03-26 18:00:55,2020-03-26 18:00:55,2.3546591564272124,5.768926849333443,1.984040694382955
2020-03-26 18:00:56,2020-03-26 18:00:56,1.7745068949130252,6.380066128480197,2.035143872456672
2020-03-26 18:00:57,2020-03-26 18:00:57,2.633197271362444,7.294021008615323,2.1997172031769594
2020-03-26 18:00:58,2020-03-26 18:00:58,2.17712584520285,5.756087687041969,1.974393985096512
2020-03-26 18:00:59,2020-03-26 18:00:59,1.894090827613095,5.314998146285747,1.9130913893985877
2020-03-26 18:01:00,2020-03-26 18:01:00,2.524353018484774,6.097050939667549,2.0319102593819167
2020-03-26 18:01:01,2020-03-26 18:01:01,2.220850874359739,6.409889788900449,2.0570189854631025
2020-03-26 18:01:02,2020-03-26 18:01:02,1.8682909880958618,6.506672751468746,2.0551334243052963
2020-03-26 18:01:03,2020-03-26 18:01:03,2.137891408141863,6.324757527601466,2.042380145440731
2020-03-26 18:01:04,2020-03-26 18:01:04,2.146464638285075,6.238735589548004,2.0317945525171552
2020-03-26 18:01:05,2020-03-26 18:01:05,2.3216702471542416,6.343645070791936,2.0530819584011653
2020-03-26 18:01:06,2020-03-26 18:01:06,2.3909816336809175,6.648218328689387,2.0964527335944467
2020-03-26 18:01:07,2020-03-26 18:01:07,2.3685376344904348,6.537381462070667,2.080579498883921
2020-03-26 18:01:08,2020-03-26 18:01:08,2.36987726274907,6.646620036737506,2.095224593593457
2020-03-26 18:01:09,2020-03-26 18:01:09,2.256472319586072,6.316541860928892,2.0465903515546415
2020-03-26 18:01:10,2020-03-26 18:01:10,1.9326966459282446,6.023821881246283,1.9962444312838699
2020-03-26 18:01:11,2020-03-26 18:01:11,2.036367663361011,6.002235551598986,1.9977721492874707
2020-03-26 18:01:12,2020-03-26 18:01:12,1.8469463139334414,5.986649294140866,1.9884337286336233
2020-03-26 18:01:13,2020-03-26 18:01:13,1.629156983537135,6.506647531771803,2.046686408979383
2020-03-26 18:01:14,2020-03-26 18:01:14,2.300319519474548,5.954435747478245,2.0035513537501117
2020-03-26 18:01:15,2020-03-26 18:01:15,1.9744845515739653,5.926974950145051,1.9861482354318696
2020-03-26 18:01:16,2020-03-26 18:01:16,2.1191191719890266,5.097100161530754,1.8991786371641695
2020-03-26 18:01:17,2020-03-26 18:01:17,1.225899656341318,5.583151663061177,1.9216688417015035
2020-03-26 18:01:18,2020-03-26 18:01:18,1.0874806487873279,6.3667556038934885,2.0135553345554627
2020-03-26 18:01:19,2020-03-26 18:01:19,1.208385451177224,6.236088337501595,1.999648125513815
2020-03-26 18:01:20,2020-03-26 18:01:20,1.0878087555968408,6.308199460995143,2.006030362674764
2020-03-26 18:01:21,2020-03-26 18:01:21,1.3057009366817807,5.970936154837637,1.9692563767711135
2020-03-26 18:01:22,2020-03-26 18:01:22,1.3180537611063803,6.123814055350534,1.988362512946324
2020-03-26 18:01:23,2020-03-26 18:01:23,0.9888867456110565,6.444714602596243,2.0216207448490877
2020-03-26 18:01:24,2020-03-26 18:01:24,1.3525678411901068,6.54918320796749,2.0439896771728314
2020-03-26 18:01:25,2020-03-26 18:01:25,2.068923138181242,6.451294416667272,2.0558355420040186
2020-03-26 18:01:26,2020-03-26 18:01:26,1.8196456856881387,5.806244078519424,1.965816906570197
2020-03-26 18:01:27,2020-03-26 18:01:27,1.5091490486676216,5.633939569367908,1.9353152128424966
2020-03-26 18:01:28,2020-03-26 18:01:28,1.5500981555590936,5.055184594220042,1.87364762893732
2020-03-26 18:01:29,2020-03-26 18:01:29,2.0469303424868954,5.306851625239022,1.9183217159361021
2020-03-26 18:01:30,2020-03-26 18:01:30,1.6050602334687014,5.077208840536378,1.8776809032753192
2020-03-26 18:01:31,2020-03-26 18:01:31,1.278182751548194,4.753935980835407,1.835730018604366
2020-03-26 18:01:32,2020-03-26 18:01:32,0.7798313456114813,4.519880243108022,1.803162088981935
2020-03-26 18:01:33,2020-03-26 18:01:33,-0.8781125931093042,5.049033037741503,1.8564368696457052
2020-03-26 18:01:34,2020-03-26 18:01:34,-1.6972608159044442,5.3354780314423005,1.9081383806471166
2020-03-26 18:01:35,2020-03-26 18:01:35,-0.4881967044178892,5.004081072504693,1.8464179379590178
2020-03-26 18:01:36,2020-03-26 18:01:36,-0.789371135971478,5.317285687350686,1.883253852478802
2020-03-26 18:01:37,2020-03-26 18:01:37,-1.0100580547800089,4.691173718787962,1.8234465153764603
2020-03-26 18:01:38,2020-03-26 18:01:38,0.3104947946249677,4.52845842442569,1.7987440452025254
2020-03-26 18:01:39,2020-03-26 18:01:39,0.14901462293709408,5.38022265790482,1.8840082120604364
2020-03-26 18:01:40,2020-03-26 18:01:40,1.54468962120152,6.8116119796962815,2.085137738267676
2020-03-26 18:01:41,2020-03-26 18:01:41,1.0049316439750902,6.115250014471832,1.9799388748256348
2020-03-26 18:01:42,2020-03-26 18:01:42,0.29870573258907884,6.10059588864026,1.9688032502775314
2020-03-26 18:01:43,2020-03-26 18:01:43,0.05000520355418667,6.035829493333294,1.9599383845204557
2020-03-26 18:01:44,2020-03-26 18:01:44,0.5677737349069522,5.434003904060529,1.8929755488587006
2020-03-26 18:01:45,2020-03-26 18:01:45,1.1862906691046509,4.925341901719404,1.8503335710598492
2020-03-26 18:01:46,2020-03-26 18:01:46,0.8057294059626281,5.181989352187692,1.8690542775648566
2020-03-26 18:01:47,2020-03-26 18:01:47,0.1771426494800075,5.643881558908954,1.9136833994514575
2020-03-26 18:01:48,2020-03-26 18:01:48,-0.187518733802702,5.991371324754861,1.9548349536455305
2020-03-26 18:01:49,2020-03-26 18:01:49,-0.0891904361729006,6.428793475659502,2.0097390868375413
2020-03-26 18:01:50,2020-03-26 18:01:50,-0.027668925426010352,6.6936728510208985,2.0449302842954182
2020-03-26 18:01:51,2020-03-26 18:01:51,-0.1522186278174537,6.515537484462817,2.0212877640231994
2020-03-26 18:01:52,2020-03-26 18:01:52,-0.14178512230711718,5.9421273546733016,1.9487093704266698
2020-03-26 18:01:53,2020-03-26 18:01:53,0.1332747391582324,7.087640269585186,2.1001229258433654
2020-03-26 18:01:54,2020-03-26 18:01:54,-0.3507596474198317,6.995862821066844,2.0880922355129456
2020-03-26 18:01:55,2020-03-26 18:01:55,-0.18001847990017544,6.934653461815432,2.078539970734667
2020-03-26 18:01:56,2020-03-26 18:01:56,-0.3923659203336634,7.279608324904655,2.12941491825093
2020-03-26 18:01:57,2020-03-26 18:01:57,-0.20910141486365233,8.179571080756599,2.268854990828075
2020-03-26 18:01:58,2020-03-26 18:01:58,0.2703558283009349,7.996302039852778,2.239242115526281
2020-03-26 18:01:59,2020-03-26 18:01:59,0.9576408716728696,7.614336583821367,2.1875002256870175
2020-03-26 18:02:00,2020-03-26 18:02:00,0.8434951659081432,7.489009684396664,2.1663032555213846
2020-03-26 18:02:01,2020-03-26 18:02:01,0.6633702821864362,7.647697204812162,2.1878531327337782
2020-03-26 18:02:02,2020-03-26 18:02:02,1.0445868955760607,7.064321639752062,2.107595496850891
2020-03-26 18:02:03,2020-03-26 18:02:03,1.3230379211392518,6.780074583656632,2.074385399330069
2020-03-26 18:02:04,2020-03-26 18:02:04,1.5810552683531154,6.737484796882894,2.076110508814182
2020-03-26 18:02:05,2020-03-26 18:02:05,2.073813738807549,6.36214010911255,2.0444619742434043
2020-03-26 18:02:06,2020-03-26 18:02:06,1.7219236987299646,6.2485608718532974,2.0164420511978705
2020-03-26 18:02:07,2020-03-26 18:02:07,1.4533354762877868,6.0755811891578935,1.986181177919505
2020-03-26 18:02:08,2020-03-26 18:02:08,1.4147397086546036,5.742865417034087,1.9451145990558132
2020-03-26 18:02:09,2020-03-26 18:02:09,1.57776718184714,5.363668855876911,1.907236115333589
2020-03-26 18:02:10,2020-03-26 18:02:10,1.4172784306311867,5.610717976206774,1.929935238664001
2020-03-26 18:02:11,2020-03-26 18:02:11,1.5977344237674773,5.381599647680549,1.9098393437067216
2020-03-26 18:02:12,2020-03-26 18:02:12,1.1288784199659008,5.247156201721383,1.8823233141114173
2020-03-26 18:02:13,2020-03-26 18:02:13,1.0039921115356674,5.184335428627725,1.8729461995327767
2020-03-26 18:02:14,2020-03-26 18:02:14,1.5219914044845217,5.279130322017084,1.896327548881743
2020-03-26 18:02:15,2020-03-26 18:02:15,1.3403129991175369,4.835159681130163,1.8453212398359824
2020-03-26 18:02:16,2020-03-26 18:02:16,1.7337753360257437,4.3573289610795465,1.8128555332869638
2020-03-26 18:02:17,2020-03-26 18:02:17,1.8060838139321835,4.040521068685985,1.7883277722663564
2020-03-26 18:02:18,2020-03-26 18:02:18,1.5676249280707788,3.6619412111254497,1.7503623622086621
2020-03-26 18:02:19,2020-03-26 18:02:19,1.681010047041574,4.066831493804035,1.7860603535861088
2020-03-26 18:02:20,2020-03-26 18:02:20,1.3625255383157235,4.410512820415106,1.8059086564555002
2020-03-26 18:02:21,2020-03-26 18:02:21,1.983073785178185,3.8975535828174888,1.783583019848436
2020-03-26 18:02:22,2020-03-26 18:02:22,1.7450868350287712,3.4738088147804183,1.7426497237160277
2020-03-26 18:02:23,2020-03-26 18:02:23,2.0517399987146443,4.146439155134356,1.8068248077057802
2020-03-26 18:02:24,2020-03-26 18:02:24,2.886240551342924,3.7162601689108326,1.8143118673813348
2020-03-26 18:02:25,2020-03-26 18:02:25,1.7177253399117618,4.875077318699843,1.8610010964815444
2020-03-26 18:02:26,2020-03-26 18:02:26,2.222755155344567,5.540791463134701,1.9517251264952051
2020-03-26 18:02:27,2020-03-26 18:02:27,1.1980292859946204,5.7750959064335365,1.9431510828067076
2020-03-26 18:02:28,2020-03-26 18:02:28,1.4132160317240907,4.004072471078392,1.7724470778931902
2020-03-26 18:02:29,2020-03-26 18:02:29,2.05636034885464,5.237765539239706,1.911306124025046
2020-03-26 18:02:30,2020-03-26 18:02:30,1.2810349286654217,5.205088873581338,1.8815702012005033
2020-03-26 18:02:31,2020-03-26 18:02:31,1.9471597013472326,5.040880212643016,1.88628041215307
2020-03-26 18:02:32,2020-03-26 18:02:32,2.244969837642659,4.322547157703199,1.8304783318354936
2020-03-26 18:02:33,2020-03-26 18:02:33,1.8091732252131973,4.032373836677169,1.7877705645961157
2020-03-26 18:02:34,2020-03-26 18:02:34,2.8199938793261823,3.8384321616021864,1.8198671523255001
2020-03-26 18:02:35,2020-03-26 18:02:35,2.1182840887459897,4.4126973416082675,1.832878224657506
2020-03-26 18:02:36,2020-03-26 18:02:36,1.525939161659829,4.654846701201432,1.8332942807098647
2020-03-26 18:02:37,2020-03-26 18:02:37,1.9126684675287382,4.165246276595847,1.8028043949973949
2020-03-26 18:02:38,2020-03-26 18:02:38,1.922934296984662,4.255269195923451,1.8109349428077195
2020-03-26 18:02:39,2020-03-26 18:02:39,1.0311885789371829,4.295939131429868,1.7876553358356517
2020-03-26 18:02:40,2020-03-26 18:02:40,1.9007151694858597,4.634956475753719,1.8444724589300137
2020-03-26 18:02:41,2020-03-26 18:02:41,1.5857863191424477,4.839847211487557,1.8530851687367118
2020-03-26 18:02:42,2020-03-26 18:02:42,1.142109618239273,4.143981540019817,1.7770226142045686
2020-03-26 18:02:43,2020-03-26 18:02:43,1.2544894113897727,3.869538533434741,1.7573156687158757
2020-03-26 18:02:44,2020-03-26 18:02:44,1.0266280658531222,4.0281801181838475,1.7648091897790437
2020-03-26 18:02:45,2020-03-26 18:02:45,0.8254202880139864,4.0994488192589555,1.7669246241398895
2020-03-26 18:02:46,2020-03-26 18:02:46,0.34304423381309246,3.1533965346599984,1.6910481674577085
2020-03-26 18:02:47,2020-03-26 18:02:47,1.4101872960190922,2.8904153960645966,1.6939121001940833
2020-03-26 18:02:48,2020-03-26 18:02:48,1.4253475431462312,2.6819526890200915,1.682469968686675
2020-03-26 18:02:49,2020-03-26 18:02:49,0.921832404351109,1.9127788219538642,1.6342000074699996
2020-03-26 18:02:50,2020-03-26 18:02:50,0.8317860739043182,1.9480791875983234,1.6339790635742872
2020-03-26 18:02:51,2020-03-26 18:02:51,1.1204742234003566,1.9061435105116133,1.638094584695466
2020-03-26 18:02:52,2020-03-26 18:02:52,0.31797720633409476,1.855650092529917,1.6243269939618585
2020-03-26 18:02:53,2020-03-26 18:02:53,0.8434280012635574,2.4013665964786965,1.6543688358488424
2020-03-26 18:02:54,2020-03-26 18:02:54,0.5679226475704446,3.6000646440908612,1.72398587700782
2020-03-26 18:02:55,2020-03-26 18:02:55,2.3472637767435915,4.2718049557752655,1.8308148969177438
2020-03-26 18:02:56,2020-03-26 18:02:56,1.5478335781673034,4.015830541735552,1.7774721489079184
2020-03-26 18:02:57,2020-03-26 18:02:57,2.670051660381648,3.854179817795406,1.812719119731483
2020-03-26 18:02:58,2020-03-26 18:02:58,2.6745421894851584,5.270966468258696,1.9445126192027402
2020-03-26 18:02:59,2020-03-26 18:02:59,1.7779354765118474,5.579146134654111,1.9380246820488338
2020-03-26 18:03:00,2020-03-26 18:03:00,2.6037171051553587,5.43997728917576,1.959110971617605
2020-03-26 18:03:01,2020-03-26 18:03:01,2.3652459300790722,5.3354123784642296,1.935654547175119
2020-03-26 18:03:02,2020-03-26 18:03:02,2.390457713684934,4.94458448329865,1.8960211187492177
2020-03-26 18:03:03,2020-03-26 18:03:03,2.475694121875676,5.014594916455964,1.907323092453197
2020-03-26 18:03:04,2020-03-26 18:03:04,2.207690863074312,5.446972069658661,1.9405744875233069
2020-03-26 18:03:05,2020-03-26 18:03:05,2.105057511353465,5.12452776959155,1.9014276629510931
2020-03-26 18:03:06,2020-03-26 18:03:06,2.203387470787759,5.12799785547369,1.9060892270363183
2020-03-26 18:03:07,2020-03-26 18:03:07,2.4138638670510657,5.117113197372089,1.9148168234015799
2020-03-26 18:03:08,2020-03-26 18:03:08,2.096980498909451,4.758604004011143,1.8642780257867884
2020-03-26 18:03:09,2020-03-26 18:03:09,2.005313613040245,4.795458578304808,1.8640415780952821
2020-03-26 18:03:10,2020-03-26 18:03:10,2.149802455436407,4.827847494945585,1.8733152315427901
2020-03-26 18:03:11,2020-03-26 18:03:11,1.9939199991492276,4.725044821742061,1.8567519755975042
2020-03-26 18:03:12,2020-03-26 18:03:12,1.8561028971094933,4.593043790835111,1.838827460003941
2020-03-26 18:03:13,2020-03-26 18:03:13,1.532992756753307,4.673601925962115,1.8352967910589797
2020-03-26 18:03:14,2020-03-26 18:03:14,1.743158923452959,4.811906363113562,1.8556633595784717
2020-03-26 18:03:15,2020-03-26 18:03:15,1.6807340322066564,4.375586957684659,1.8126376692339505
2020-03-26 18:03:16,2020-03-26 18:03:16,1.5495455547409709,4.091877428856606,1.7838180881085037
2020-03-26 18:03:17,2020-03-26 18:03:17,1.4572070138038535,4.024727791317647,1.7754267440472375
2020-03-26 18:03:18,2020-03-26 18:03:18,1.6878626092341742,4.108062120416692,1.7897343571119109
2020-03-26 18:03:19,2020-03-26 18:03:19,1.882111683850508,4.684707596113152,1.8484802322808633
2020-03-26 18:03:20,2020-03-26 18:03:20,1.2708534300711203,4.084724491736525,1.7752114778913324
2020-03-26 18:03:21,2020-03-26 18:03:21,1.1017886968312507,3.7231101839618224,1.7422904544819602
2020-03-26 18:03:22,2020-03-26 18:03:22,1.7336212439808842,3.9569484831500854,1.7788945611326739
2020-03-26 18:03:23,2020-03-26 18:03:23,1.3703199990992694,4.112728962214819,1.7802316046054472
2020-03-26 18:03:24,2020-03-26 18:03:24,1.7013838432223318,4.578090507696889,1.8318313457914144
2020-03-26 18:03:25,2020-03-26 18:03:25,1.9592294119788156,4.3210543189895025,1.818121166971963
2020-03-26 18:03:26,2020-03-26 18:03:26,1.6419337106731406,4.378021784477483,1.8115426449314924
2020-03-26 18:03:27,2020-03-26 18:03:27,1.3584560817118079,3.918829659174915,1.7640054268732968
2020-03-26 18:03:28,2020-03-26 18:03:28,1.1433940397915696,3.750239672585628,1.745314547568043
2020-03-26 18:03:29,2020-03-26 18:03:29,1.0396916854929643,3.3127001016512008,1.7114233951827345
2020-03-26 18:03:30,2020-03-26 18:03:30,1.3530226805210561,3.43395124197325,1.727439785134166
2020-03-26 18:03:31,2020-03-26 18:03:31,1.184472132745951,3.3068606994609335,1.7143169358151766
2020-03-26 18:03:32,2020-03-26 18:03:32,1.2296207172451177,2.8521594503922163,1.686793009389561
2020-03-26 18:03:33,2020-03-26 18:03:33,0.9470603301636941,2.0095407216661054,1.6385701339802523
2020-03-26 18:03:34,2020-03-26 18:03:34,1.2066957217352914,2.5070455176885487,1.6672979962054626
2020-03-26 18:03:35,2020-03-26 18:03:35,0.798993276965403,2.9430559452276746,1.683251729636254
2020-03-26 18:03:36,2020-03-26 18:03:36,0.63354986011154,3.3074739413987766,1.704128377879215
2020-03-26 18:03:37,2020-03-26 18:03:37,1.104276160097255,3.4539656265992904,1.7226085107473352
2020-03-26 18:03:38,2020-03-26 18:03:38,1.346419079311314,4.05355323556276,1.7746378225090922
2020-03-26 18:03:39,2020-03-26 18:03:39,1.7466865254307258,4.06617716953109,1.7882996754224934
2020-03-26 18:03:40,2020-03-26 18:03:40,1.0498118572709008,3.820971631212399,1.748690982384474
2020-03-26 18:03:41,2020-03-26 18:03:41,1.196454058674914,3.5699965123940998,1.733101858601188
2020-03-26 18:03:42,2020-03-26 18:03:42,0.9353594864174704,3.3837982220890135,1.7141863420844174
2020-03-26 18:03:43,2020-03-26 18:03:43,1.1229896585190882,3.5094554791808497,1.7269829940934756
2020-03-26 18:03:44,2020-03-26 18:03:44,0.9039425650750995,3.0990104681024144,1.6947175135909447
2020-03-26 18:03:45,2020-03-26 18:03:45,1.538276274609149,3.599936915344259,1.7448338254454967
2020-03-26 18:03:46,2020-03-26 18:03:46,2.2497082405216657,4.405279201216359,1.8380518744545782
2020-03-26 18:03:47,2020-03-26 18:03:47,1.4149918641186545,4.044160946291461,1.77579140484373
2020-03-26 18:03:48,2020-03-26 18:03:48,1.3731404508568157,4.152540720635445,1.7836684399832308
2020-03-26 18:03:49,2020-03-26 18:03:49,1.2785240344588926,3.877329378971521,1.7585527831591463
2020-03-26 18:03:50,2020-03-26 18:03:50,0.9724094558244673,3.687111911631446,1.7368270290953944
2020-03-26 18:03:51,2020-03-26 18:03:51,0.3890973916079954,3.534339365426623,1.7174454846167322
2020-03-26 18:03:52,2020-03-26 18:03:52,0.4103410088890381,3.4229470072395043,1.709695498135872
2020-03-26 18:03:53,2020-03-26 18:03:53,0.5243702774760083,3.687570531492112,1.7300179691805653
2020-03-26 18:03:54,2020-03-26 18:03:54,0.8276562411064802,3.948751689981933,1.7545773557796167
2020-03-26 18:03:55,2020-03-26 18:03:55,0.5397730704387751,3.0625166239756667,1.6870442154606309
2020-03-26 18:03:56,2020-03-26 18:03:56,0.7876613302523071,4.519248635954733,1.8032287987128797
2020-03-26 18:03:57,2020-03-26 18:03:57,1.1744179352270783,2.9580845628686276,1.6917317713730284
2020-03-26 18:03:58,2020-03-26 18:03:58,0.6078955392462333,2.3942671304838363,1.6505221099457827
2020-03-26 18:03:59,2020-03-26 18:03:59,0.5353619725818372,3.660356490573847,1.728093214007231
2020-03-26 18:04:00,2020-03-26 18:04:00,0.6422572686135908,4.409025236407885,1.7910713136744931
2020-03-26 18:04:01,2020-03-26 18:04:01,1.8508037106961264,3.751164492500873,1.7669876973695722
2020-03-26 18:04:02,2020-03-26 18:04:02,1.3206957062936624,3.7490448059450325,1.7496796970162762
2020-03-26 18:04:03,2020-03-26 18:04:03,1.5815111839528129,3.8335106834924852,1.763939032744915
2020-03-26 18:04:04,2020-03-26 18:04:04,1.5334894513538988,3.7659450351843033,1.7571713132696232
2020-03-26 18:04:05,2020-03-26 18:04:05,1.4034689739711574,4.35421526949913,1.8020289817849857
2020-03-26 18:04:06,2020-03-26 18:04:06,1.2743023482485085,4.302929530642278,1.793977604888255
2020-03-26 18:04:07,2020-03-26 18:04:07,1.2624915162999277,3.9796718222583496,1.766347433230095
2020-03-26 18:04:08,2020-03-26 18:04:08,0.8206110505862365,3.708895631540977,1.7356958517738548
2020-03-26 18:04:09,2020-03-26 18:04:09,0.9872153243133089,3.76033632909992,1.7426944787084153
2020-03-26 18:04:10,2020-03-26 18:04:10,0.9732193135131514,3.684398342674869,1.736638730389629
2020-03-26 18:04:11,2020-03-26 18:04:11,0.7523953510574214,3.328668015365093,1.7072490516739123
2020-03-26 18:04:12,2020-03-26 18:04:12,0.8697255120518378,2.9823332759651016,1.68683924693498
2020-03-26 18:04:13,2020-03-26 18:04:13,0.5560150209297204,2.894335630199653,1.6769757662145963
2020-03-26 18:04:14,2020-03-26 18:04:14,1.0746748180714358,2.9664914270943825,1.6899484061621592
2020-03-26 18:04:15,2020-03-26 18:04:15,1.2699400118848705,2.921402299026647,1.6919122722251245
2020-03-26 18:04:16,2020-03-26 18:04:16,1.0582871878467655,2.7474717909144473,1.6767879447306768
2020-03-26 18:04:17,2020-03-26 18:04:17,0.712869492544469,2.8134671028639113,1.6742874349315997
2020-03-26 18:04:18,2020-03-26 18:04:18,1.180981407478383,2.7295979882914283,1.6785956418868153
2020-03-26 18:04:19,2020-03-26 18:04:19,1.3248553063315234,3.222591071034131,1.71228989572748
2020-03-26 18:04:20,2020-03-26 18:04:20,1.2303723797382051,2.773127183130369,1.6822639648662658
2020-03-26 18:04:21,2020-03-26 18:04:21,0.9361974122367782,2.381035407073489,1.6550627711880281
2020-03-26 18:04:22,2020-03-26 18:04:22,0.46426307325964455,2.653000559724973,1.6623163544978468
2020-03-26 18:04:23,2020-03-26 18:04:23,0.40367216336303985,2.455882603991405,1.6514679961682646
2020-03-26 18:04:24,2020-03-26 18:04:24,0.26063306654988505,2.317159776299238,1.6437149384696
2020-03-26 18:04:25,2020-03-26 18:04:25,0.6471946084576545,2.374865388552719,1.6500794334603626
2020-03-26 18:04:26,2020-03-26 18:04:26,0.6769889800882616,2.2066991168139127,1.6425933300561013
2020-03-26 18:04:27,2020-03-26 18:04:27,0.6924536456898427,2.1639885281590234,1.6408982849476388
2020-03-26 18:04:28,2020-03-26 18:04:28,0.27714616841817763,2.3238313799290102,1.6441229427113484
2020-03-26 18:04:29,2020-03-26 18:04:29,0.08102564673452675,2.088809044188567,1.6327812266841164
2020-03-26 18:04:30,2020-03-26 18:04:30,1.0438862510670734,2.2005182255048465,1.6487772595648664
2020-03-26 18:04:31,2020-03-26 18:04:31,0.11316892453583147,2.2983945643807586,1.6422636374638842
2020-03-26 18:04:32,2020-03-26 18:04:32,0.49329605879214444,2.5451069665333637,1.6568592198869254
2020-03-26 18:04:33,2020-03-26 18:04:33,0.3947508588195367,3.281214784770364,1.699850485169904
2020-03-26 18:04:34,2020-03-26 18:04:34,0.2926382545745614,3.05531130439463,1.684490522483543
2020-03-26 18:04:35,2020-03-26 18:04:35,0.3917868737346864,3.237748827158542,1.6969286125364533
2020-03-26 18:04:36,2020-03-26 18:04:36,0.9555302568077563,3.093708717524628,1.6953619549182122
2020-03-26 18:04:37,2020-03-26 18:04:37,1.6311630142740066,3.138733461119357,1.7160849600765005
2020-03-26 18:04:38,2020-03-26 18:04:38,0.4440887100388397,2.742322776326842,1.6670619201063204
2020-03-26 18:04:39,2020-03-26 18:04:39,-0.36125924476715415,2.5983449669150733,1.65850821676473
2020-03-26 18:04:40,2020-03-26 18:04:40,0.032631652870619615,3.4936939639210753,1.712990031171472
2020-03-26 18:04:41,2020-03-26 18:04:41,0.41053887684884877,3.7078581587687935,1.7304651720127424
2020-03-26 18:04:42,2020-03-26 18:04:42,0.8698118455189641,3.863693198211804,1.748519935733725
2020-03-26 18:04:43,2020-03-26 18:04:43,0.7137970917696268,2.966157190541282,1.6833308462258998
2020-03-26 18:04:44,2020-03-26 18:04:44,0.6501431296325072,3.7422450066487842,1.7356765806913614
2020-03-26 18:04:45,2020-03-26 18:04:45,1.7539511855609196,4.203612234797663,1.8001523678531157
2020-03-26 18:04:46,2020-03-26 18:04:46,0.32843188693237024,4.25517325538025,1.7743627578812209
2020-03-26 18:04:47,2020-03-26 18:04:47,-0.8088679820423709,3.931149697718914,1.752847191240889
2020-03-26 18:04:48,2020-03-26 18:04:48,-0.4604050793024053,4.876117336732991,1.833263886257953
2020-03-26 18:04:49,2020-03-26 18:04:49,0.24892660377859063,4.118085844174524,1.762174872441932
2020-03-26 18:04:50,2020-03-26 18:04:50,-0.07254130347714316,4.74975769673144,1.8187599432745003
2020-03-26 18:04:51,2020-03-26 18:04:51,-2.8904177731939296,4.052448973712787,1.841162868662792
2020-03-26 18:04:52,2020-03-26 18:04:52,-1.32997766863198,2.7441916081063082,1.6832381050617045
2020-03-26 18:04:53,2020-03-26 18:04:53,0.1673927778187552,3.6201702824551285,1.722463249236597
2020-03-26 18:04:54,2020-03-26 18:04:54,-0.13260451435650872,4.088492344969835,1.7592422735524593
2020-03-26 18:04:55,2020-03-26 18:04:55,1.2483888296586443,5.141590914219673,1.8740426489280537
2020-03-26 18:04:56,2020-03-26 18:04:56,0.6178965543917772,5.899574450546952,1.94725082213985
2020-03-26 18:04:57,2020-03-26 18:04:57,0.025535219001242743,5.383482762503973,1.8841466865231666
2020-03-26 18:04:58,2020-03-26 18:04:58,-0.8363621531422974,4.663606798179421,1.8175539089366168
2020-03-26 18:04:59,2020-03-26 18:04:59,2.139767771029196,4.589079982466642,1.8499836043328628
2020-03-26 18:05:00,2020-03-26 18:05:00,2.6060892149018255,5.097411469198956,1.9225611189817045
2020-03-26 18:05:01,2020-03-26 18:05:01,1.6041633689338077,5.871890980015456,1.9661338196053038
2020-03-26 18:05:02,2020-03-26 18:05:02,2.444557807351039,5.996813967853537,2.015610224703167
2020-03-26 18:05:03,2020-03-26 18:05:03,1.4526049323063568,6.812661428244698,2.08249950457882
2020-03-26 18:05:04,2020-03-26 18:05:04,1.306073040310157,4.199114008785477,1.7858068813160628
2020-03-26 18:05:05,2020-03-26 18:05:05,-1.0518796657134155,4.105156852772579,1.7717359548653349
2020-03-26 18:05:06,2020-03-26 18:05:06,2.743821793547949,3.953233278408486,1.8246661181003674
2020-03-26 18:05:07,2020-03-26 18:05:07,2.2080507276758694,4.285623057924602,1.8255664046341593
2020-03-26 18:05:08,2020-03-26 18:05:08,1.258216096035797,3.230298818235107,1.7110402205531017
2020-03-26 18:05:09,2020-03-26 18:05:09,3.0227063891438695,4.98443288513739,1.9347742441712654
2020-03-26 18:05:10,2020-03-26 18:05:10,3.7304319714354945,7.433111585099402,2.290433180691778
2020-03-26 18:05:11,2020-03-26 18:05:11,2.8067788574313797,6.872199545773862,2.1488551529599533
2020-03-26 18:05:12,2020-03-26 18:05:12,4.581389607742728,2.3089186034216964,1.8569162095780882
2020-03-26 18:05:13,2020-03-26 18:05:13,6.583479369046609,6.798261778501673,2.4941766826979688
2020-03-26 18:05:14,2020-03-26 18:05:14,6.76307516933506,7.422825625167332,2.606595545768812
2020-03-26 18:05:15,2020-03-26 18:05:15,5.730103458183085,6.58448489929371,2.3604797701220974
2020-03-26 18:05:16,2020-03-26 18:05:16,5.043067916205612,4.346301086559077,2.0395351908153714
2020-03-26 18:05:17,2020-03-26 18:05:17,4.244429089271255,2.0563461681948914,1.8154001886730242
2020-03-26 18:05:18,2020-03-26 18:05:18,5.902446926465369,5.9973121436135255,2.30645721530432
2020-03-26 18:05:19,2020-03-26 18:05:19,7.495880855927751,8.48571636828056,2.8776858589897927
2020-03-26 18:05:20,2020-03-26 18:05:20,4.5166796732310805,6.720292330834702,2.2539293396755227
2020-03-26 18:05:21,2020-03-26 18:05:21,4.961906513661359,4.695694912887067,2.0632697369712503
2020-03-26 18:05:22,2020-03-26 18:05:22,5.214975709558733,6.803117336903775,2.333360740115765
2020-03-26 18:05:23,2020-03-26 18:05:23,5.412979219713184,7.376554682726378,2.4359410252381934
2020-03-26 18:05:24,2020-03-26 18:05:24,4.194328932009177,5.653648581146803,2.092493162237588
2020-03-26 18:05:25,2020-03-26 18:05:25,4.164874047823118,4.231458991820611,1.9476008883047484
2020-03-26 18:05:26,2020-03-26 18:05:26,3.4015119527886246,6.511800326397954,2.1372886436952285
2020-03-26 18:05:27,2020-03-26 18:05:27,3.7009899525665113,6.5007401882738645,2.1572575947303534
2020-03-26 18:05:28,2020-03-26 18:05:28,3.5287234406016506,5.505803545495664,2.023845720106152
2020-03-26 18:05:29,2020-03-26 18:05:29,4.143520034992546,3.9841899485845076,1.9251798485674243
2020-03-26 18:05:30,2020-03-26 18:05:30,3.193728882219881,5.946465409145088,2.0522075576349437
2020-03-26 18:05:31,2020-03-26 18:05:31,2.374978251434955,6.112416077295048,2.026416015760006
2020-03-26 18:05:32,2020-03-26 18:05:32,3.0411332974243837,5.399297077802623,1.9796460423254842
2020-03-26 18:05:33,2020-03-26 18:05:33,3.015628735122979,5.24729139376284,1.961654861726032
2020-03-26 18:05:34,2020-03-26 18:05:34,3.5939595452731825,4.429298119255432,1.9200395510854094
2020-03-26 18:05:35,2020-03-26 18:05:35,2.9997408720332586,5.17536213740659,1.953074213196956
2020-03-26 18:05:36,2020-03-26 18:05:36,3.2357738030738554,4.773201583453376,1.9273625881861562
2020-03-26 18:05:37,2020-03-26 18:05:37,2.7980161470418943,4.489987035664577,1.87386541812387
2020-03-26 18:05:38,2020-03-26 18:05:38,4.001719770091873,5.62083068668706,2.072808742317548
2020-03-26 18:05:39,2020-03-26 18:05:39,3.3556677734605143,5.499319756691999,2.0110697875865213
2020-03-26 18:05:40,2020-03-26 18:05:40,4.446180298344811,5.154037880406549,2.0598674654418403
2020-03-26 18:05:41,2020-03-26 18:05:41,3.7002064111365938,6.063514235615597,2.1016849983870998
2020-03-26 18:05:42,2020-03-26 18:05:42,3.8095680456679415,5.082291197766693,1.9992539689952764
2020-03-26 18:05:43,2020-03-26 18:05:43,3.7497708594789803,4.985514664923138,1.9847966901227494
2020-03-26 18:05:44,2020-03-26 18:05:44,3.5077134708939983,5.4848744444261905,2.0200192345892702
2020-03-26 18:05:45,2020-03-26 18:05:45,3.672224744380567,4.193124793860473,1.9051238701287616
2020-03-26 18:05:46,2020-03-26 18:05:46,3.153916472834436,2.799211003843731,1.769877631697895
2020-03-26 18:05:47,2020-03-26 18:05:47,2.232426081859958,5.776512137224118,1.979254142140178
2020-03-26 18:05:48,2020-03-26 18:05:48,2.7829620930493286,6.498236606396607,2.0969469542586268
2020-03-26 18:05:49,2020-03-26 18:05:49,1.497535153575371,5.707115694632092,1.9433972737408851
2020-03-26 18:05:50,2020-03-26 18:05:50,1.9778911607384753,5.380571876909919,1.9235144507879625
2020-03-26 18:05:51,2020-03-26 18:05:51,3.149629922922864,6.998897297871574,2.1871519946460865
2020-03-26 18:05:52,2020-03-26 18:05:52,2.0966549292534844,6.293625856417497,2.036633906511156
2020-03-26 18:05:53,2020-03-26 18:05:53,1.2434267669041195,5.985118615845775,1.9693718940522729
2020-03-26 18:05:54,2020-03-26 18:05:54,2.936215736688518,5.599595530592926,1.9956493465155916
2020-03-26 18:05:55,2020-03-26 18:05:55,2.418466373675342,5.090013502574697,1.9122299689711042
2020-03-26 18:05:56,2020-03-26 18:05:56,1.8178007612157028,5.596821390209618,1.941485262407383
2020-03-26 18:05:57,2020-03-26 18:05:57,2.3506001770607,4.565476044259137,1.857408540640165
2020-03-26 18:05:58,2020-03-26 18:05:58,1.627465435810979,3.2193916316559616,1.7212031032640454
2020-03-26 18:05:59,2020-03-26 18:05:59,1.563146098071425,3.1256041347341985,1.7130252176945362
2020-03-26 18:06:00,2020-03-26 18:06:00,2.9307024215769184,3.811649375981505,1.824261856546599
2020-03-26 18:06:01,2020-03-26 18:06:01,4.797029315767403,5.737779753319629,2.156837785693355
2020-03-26 18:06:02,2020-03-26 18:06:02,3.5658651956925,5.449269068653831,2.020235084173436
2020-03-26 18:06:03,2020-03-26 18:06:03,2.6901348079920786,3.8852015198421244,1.8162621570197928
2020-03-26 18:06:04,2020-03-26 18:06:04,2.618456590167838,4.299084713282348,1.8468970384537187
2020-03-26 18:06:05,2020-03-26 18:06:05,2.986952619883584,4.126343559085249,1.8530883190384912
2020-03-26 18:06:06,2020-03-26 18:06:06,2.6399592255461672,3.978776605616772,1.8210379554907803
2020-03-26 18:06:07,2020-03-26 18:06:07,1.4737761244094496,3.9318075521037343,1.7683753302896434
2020-03-26 18:06:08,2020-03-26 18:06:08,2.328819168698963,5.054289262556804,1.9042255449042926
2020-03-26 18:06:09,2020-03-26 18:06:09,3.2501222160887635,5.1685752743401565,1.968220385304221
2020-03-26 18:06:10,2020-03-26 18:06:10,2.9372528891236933,5.449614192790968,1.9788965278704893
2020-03-26 18:06:11,2020-03-26 18:06:11,2.894184078258874,5.329875033757159,1.963250745436099
2020-03-26 18:06:12,2020-03-26 18:06:12,2.4647119309333076,5.168929787842631,1.9227520893305297
2020-03-26 18:06:13,2020-03-26 18:06:13,2.4130690308064264,5.293077477878449,1.933398771158835
2020-03-26 18:06:14,2020-03-26 18:06:14,2.3768848336476376,5.395667548428353,1.9427846230317414
2020-03-26 18:06:15,2020-03-26 18:06:15,2.565481365734085,5.601032177674825,1.975164105705062
2020-03-26 18:06:16,2020-03-26 18:06:16,2.8447681641443965,5.772473159059272,2.010240897667714
2020-03-26 18:06:17,2020-03-26 18:06:17,2.311805463457507,6.238281002311384,2.039184427819933
2020-03-26 18:06:18,2020-03-26 18:06:18,2.470881953042343,6.823674593166496,2.124284692899181
2020-03-26 18:06:19,2020-03-26 18:06:19,0.7598109824553482,5.717721633815157,1.927751997110704
2020-03-26 18:06:20,2020-03-26 18:06:20,0.12572007758738982,5.60189457028625,1.9087213154489007
2020-03-26 18:06:21,2020-03-26 18:06:21,0.5874625732641463,6.242837721551578,1.9892259365845035
2020-03-26 18:06:22,2020-03-26 18:06:22,1.1456805173309716,5.828886163045819,1.948252527963973
2020-03-26 18:06:23,2020-03-26 18:06:23,1.4627364609855664,6.250155136384653,2.0083001945677097
2020-03-26 18:06:24,2020-03-26 18:06:24,1.1149649413468354,6.603302409848085,2.0452874677299633
2020-03-26 18:06:25,2020-03-26 18:06:25,0.9065164543727625,5.9331346793870114,1.9557430987800473
2020-03-26 18:06:26,2020-03-26 18:06:26,0.572888545953824,5.868963875967062,1.943045826011982
2020-03-26 18:06:27,2020-03-26 18:06:27,1.6276647073617803,5.585683056158858,1.9335793078436723
2020-03-26 18:06:28,2020-03-26 18:06:28,1.914078709593004,4.887705006868155,1.869502651878122
2020-03-26 18:06:29,2020-03-26 18:06:29,1.2142178590732202,4.881167689542082,1.846601343667544
2020-03-26 18:06:30,2020-03-26 18:06:30,1.577808929448217,4.478694613926671,1.8185321810215243
2020-03-26 18:06:31,2020-03-26 18:06:31,1.1174967817269594,5.242684902686697,1.88158621990776
2020-03-26 18:06:32,2020-03-26 18:06:32,1.171251153410544,4.071858174976371,1.7716612041994466
2020-03-26 18:06:33,2020-03-26 18:06:33,1.7397562559046227,5.452101436066215,1.9224151187141274
2020-03-26 18:06:34,2020-03-26 18:06:34,2.4771613362757394,4.959924359714044,1.90185113791172
2020-03-26 18:06:35,2020-03-26 18:06:35,2.312494292259301,5.304582328587836,1.9298185377091954
2020-03-26 18:06:36,2020-03-26 18:06:36,1.7621622288444516,4.959930396324506,1.871070072335229
2020-03-26 18:06:37,2020-03-26 18:06:37,0.8852779597536341,5.121506075030417,1.864073587721009
2020-03-26 18:06:38,2020-03-26 18:06:38,3.95510414266509,4.519352485066241,1.9558854926171847
2020-03-26 18:06:39,2020-03-26 18:06:39,2.9289907196681337,5.878661003496553,2.027702210864007
2020-03-26 18:06:40,2020-03-26 18:06:40,2.4626211155779507,5.177734498198685,1.9235736297644195
2020-03-26 18:06:41,2020-03-26 18:06:41,2.669141883613283,4.357221607599619,1.854746994851169
2020-03-26 18:06:42,2020-03-26 18:06:42,2.6442888392878596,4.498333120582314,1.8661254318350728
2020-03-26 18:06:43,2020-03-26 18:06:43,2.793356914580905,4.939232042051034,1.9166829232295015
2020-03-26 18:06:44,2020-03-26 18:06:44,2.3071199949059817,5.1278412965816695,1.9108209989192915
2020-03-26 18:06:45,2020-03-26 18:06:45,2.442669999071879,5.010767329436264,1.905284294706533
2020-03-26 18:06:46,2020-03-26 18:06:46,2.165929713749179,5.062310853830501,1.8976192682191027
2020-03-26 18:06:47,2020-03-26 18:06:47,1.9291940017943852,5.1294758191139165,1.894742227455609
2020-03-26 18:06:48,2020-03-26 18:06:48,2.3028086133445185,4.833212038662094,1.880763755038842
2020-03-26 18:06:49,2020-03-26 18:06:49,3.1240117707148176,5.14207924595449,1.957300974484184
2020-03-26 18:06:50,2020-03-26 18:06:50,2.4337056905543006,4.082713727072468,1.818923077230437
2020-03-26 18:06:51,2020-03-26 18:06:51,1.5809442816647383,4.656336136713335,1.835173845265544
2020-03-26 18:06:52,2020-03-26 18:06:52,1.711145924704073,4.780115144908735,1.8514331749374406
2020-03-26 18:06:53,2020-03-26 18:06:53,1.3316607349272667,4.930366435528784,1.8545584726126378
2020-03-26 18:06:54,2020-03-26 18:06:54,3.07873781963742,2.6078594935225334,1.7545409959641063
2020-03-26 18:06:55,2020-03-26 18:06:55,2.395393159723018,5.3859688256735465,1.942617468902185
2020-03-26 18:06:56,2020-03-26 18:06:56,-0.5345338309902602,6.824507628147342,2.0657366976774654
2020-03-26 18:06:57,2020-03-26 18:06:57,0.1695253748288773,2.107444868692483,1.6338093790365775
2020-03-26 18:06:58,2020-03-26 18:06:58,2.7461688400779853,2.2784041663981363,1.718322956868903
2020-03-26 18:06:59,2020-03-26 18:06:59,0.5889309045925871,3.3164249390219402,1.7041774974956923
2020-03-26 18:07:00,2020-03-26 18:07:00,2.144165367337263,1.9498518016580677,1.674023608844763
2020-03-26 18:07:01,2020-03-26 18:07:01,1.3872413626955398,3.14077175916829,1.7086956017424342
2020-03-26 18:07:02,2020-03-26 18:07:02,1.9141504532599145,1.395501813178458,1.6454923349543833
2020-03-26 18:07:03,2020-03-26 18:07:03,0.18354519247403253,2.0743289345127898,1.6324414123002526
2020-03-26 18:07:04,2020-03-26 18:07:04,-0.4010012764207043,2.7106554710668744,1.6649219478095887
2020-03-26 18:07:05,2020-03-26 18:07:05,1.8650399429722595,3.6023083148639947,1.7563529277563532
2020-03-26 18:07:06,2020-03-26 18:07:06,2.0694124113628125,4.298640457167547,1.8206698253083857
2020-03-26 18:07:07,2020-03-26 18:07:07,1.0551005531299766,3.723604529681445,1.7413006475239996
2020-03-26 18:07:08,2020-03-26 18:07:08,3.0163718797232546,2.158802798614218,1.7288105797344713
2020-03-26 18:07:09,2020-03-26 18:07:09,1.1411730300788712,4.857097992341406,1.8424637246597655
2020-03-26 18:07:10,2020-03-26 18:07:10,0.668796567145854,5.18893375215733,1.8677368840709079
2020-03-26 18:07:11,2020-03-26 18:07:11,3.3286275224533766,5.513407325539576,2.010813802045533
2020-03-26 18:07:12,2020-03-26 18:07:12,3.1643688364873364,4.709757106873051,1.916611302590951
2020-03-26 18:07:13,2020-03-26 18:07:13,3.045339572926896,2.641181707866601,1.7542381840871997
2020-03-26 18:07:14,2020-03-26 18:07:14,3.7658889449284065,3.9827662710758074,1.8947231759044598
2020-03-26 18:07:15,2020-03-26 18:07:15,4.146340243389925,4.281454593193833,1.9503566836973363
2020-03-26 18:07:16,2020-03-26 18:07:16,4.081717224804557,5.467638817347755,2.0621544939425718
2020-03-26 18:07:17,2020-03-26 18:07:17,2.369134322010046,5.658278643312003,1.9718968197310431
2020-03-26 18:07:18,2020-03-26 18:07:18,2.960334248497392,4.928010587619884,1.9253060297788949
2020-03-26 18:07:19,2020-03-26 18:07:19,3.2889164059923592,5.621855589164382,2.0203967468684425
2020-03-26 18:07:20,2020-03-26 18:07:20,3.2015316456587635,4.593076202060358,1.9079806205072884
2020-03-26 18:07:21,2020-03-26 18:07:21,3.223410412290397,4.3738742795666905,1.8894245013664772
2020-03-26 18:07:22,2020-03-26 18:07:22,3.5701504213282673,5.551778900438098,2.0319709544744597
2020-03-26 18:07:23,2020-03-26 18:07:23,2.9787486131367813,5.833906491493085,2.025360692857049
2020-03-26 18:07:24,2020-03-26 18:07:24,2.92056773834151,4.408847445951567,1.873641007091976
2020-03-26 18:07:25,2020-03-26 18:07:25,3.543953049365241,4.424379706357055,1.915973283546407
2020-03-26 18:07:26,2020-03-26 18:07:26,3.560759086421137,4.729146785851017,1.9455185621462476
2020-03-26 18:07:27,2020-03-26 18:07:27,2.744263076872648,5.228914597333619,1.943857261328489
2020-03-26 18:07:28,2020-03-26 18:07:28,2.1081656638338218,4.527474493935765,1.8428976568079207
2020-03-26 18:07:29,2020-03-26 18:07:29,1.0049555626875164,4.070572401005802,1.7678656230529697
2020-03-26 18:07:30,2020-03-26 18:07:30,1.8432565097673568,4.006670053037035,1.7869308375467199
2020-03-26 18:07:31,2020-03-26 18:07:31,3.0351402371078984,5.425723067405676,1.9821800699948824
2020-03-26 18:07:32,2020-03-26 18:07:32,2.318155663950297,5.130016744557278,1.9115658713704278
2020-03-26 18:07:33,2020-03-26 18:07:33,2.5085455484971844,5.160043234712453,1.9240303697057328
2020-03-26 18:07:34,2020-03-26 18:07:34,1.3754405608589935,5.605775100165898,1.9281870292108039
2020-03-26 18:07:35,2020-03-26 18:07:35,1.2619463527078634,6.485345063468064,2.033158868396484
2020-03-26 18:07:36,2020-03-26 18:07:36,0.8630102367412703,6.908591960653625,2.0820674306584124
2020-03-26 18:07:37,2020-03-26 18:07:37,-0.017402195880393625,6.645203562482485,2.0383687225527467
2020-03-26 18:07:38,2020-03-26 18:07:38,0.37913039435530743,6.541534844516915,2.025949904440381
2020-03-26 18:07:39,2020-03-26 18:07:39,0.5911697820507664,6.733986815812506,2.0539387761832586
2020-03-26 18:07:40,2020-03-26 18:07:40,0.5220391489666073,6.438651471497955,2.0137003616532922
2020-03-26 18:07:41,2020-03-26 18:07:41,0.6691013272099052,6.151167038925393,1.978725053629688
2020-03-26 18:07:42,2020-03-26 18:07:42,1.0635183347446997,6.360475455452764,2.012223281819516
2020-03-26 18:07:43,2020-03-26 18:07:43,0.6455870290968576,6.636198348382352,2.0413608055655033
2020-03-26 18:07:44,2020-03-26 18:07:44,-0.39259085637695407,6.077741708745962,1.9666323561223038
2020-03-26 18:07:45,2020-03-26 18:07:45,0.5207230029275906,6.60728335931886,2.036006563635212
2020-03-26 18:07:46,2020-03-26 18:07:46,1.3824392655119613,6.333792608064149,2.0166704465979564
2020-03-26 18:07:47,2020-03-26 18:07:47,0.5494850927439767,6.542601894643282,2.027689515410131
2020-03-26 18:07:48,2020-03-26 18:07:48,0.030300228180810372,6.672662180169685,2.04208379598586
2020-03-26 18:07:49,2020-03-26 18:07:49,0.6210523210694724,7.094176922940464,2.1047685728274104
2020-03-26 18:07:50,2020-03-26 18:07:50,0.4409117731749546,6.845238878860668,2.0676877123819253
2020-03-26 18:07:51,2020-03-26 18:07:51,0.19946624713047878,6.402221643470063,2.0066002176590274
2020-03-26 18:07:52,2020-03-26 18:07:52,0.404336614294107,6.743348531680956,2.053340920971465
2020-03-26 18:07:53,2020-03-26 18:07:53,-1.0395591681732674,6.729188612816515,2.0606625665129883
2020-03-26 18:07:54,2020-03-26 18:07:54,-0.1939204753140327,7.002128613226096,2.0881196469327534
2020-03-26 18:07:55,2020-03-26 18:07:55,0.27491535459227556,6.958451292753398,2.082325120337501
2020-03-26 18:07:56,2020-03-26 18:07:56,0.42632893059530413,6.919411850529261,2.0779063355062846
2020-03-26 18:07:57,2020-03-26 18:07:57,0.2995150684475567,6.442443226159954,2.0123484864240595
2020-03-26 18:07:58,2020-03-26 18:07:58,0.10355042357952378,6.400697766138677,2.006108390143112
2020-03-26 18:07:59,2020-03-26 18:07:59,0.026615521546064568,6.285116182606286,1.9911210253928289
2020-03-26 18:08:00,2020-03-26 18:08:00,-0.40824913865986684,5.814139770570467,1.9348968384284575
2020-03-26 18:08:01,2020-03-26 18:08:01,-0.47239036648284993,5.5756142914146425,1.9078355083966585
2020-03-26 18:08:02,2020-03-26 18:08:02,-0.34485458621933357,5.673741120114569,1.9180090615471102
2020-03-26 18:08:03,2020-03-26 18:08:03,-0.15497137445056527,6.10121523116151,1.9682200071746792
2020-03-26 18:08:04,2020-03-26 18:08:04,0.4350454342588476,5.20523673128389,1.866841926801385
2020-03-26 18:08:05,2020-03-26 18:08:05,-1.9397289212681275,5.7144028589447595,1.9596409820116065
2020-03-26 18:08:06,2020-03-26 18:08:06,-0.9801985257695199,5.227753033886435,1.877069948877974
2020-03-26 18:08:07,2020-03-26 18:08:07,1.5216037390331947,5.76711461510845,1.9511301672630594
2020-03-26 18:08:08,2020-03-26 18:08:08,2.1469499150927334,5.542909927533128,1.9486071695368992
2020-03-26 18:08:09,2020-03-26 18:08:09,1.0768231230259804,5.53553413850812,1.9128023248363064
2020-03-26 18:08:10,2020-03-26 18:08:10,1.7026427881843014,4.752939945066476,1.8484990402255619
2020-03-26 18:08:11,2020-03-26 18:08:11,0.2463389582353095,6.515185769088628,2.021620248857886
2020-03-26 18:08:12,2020-03-26 18:08:12,0.45910673580068717,6.374009951116468,2.004670033739032
2020-03-26 18:08:13,2020-03-26 18:08:13,1.3887861308139753,5.859981632935754,1.958186911080631
2020-03-26 18:08:14,2020-03-26 18:08:14,1.7395177902307377,4.205682422781229,1.7998164170576842
2020-03-26 18:08:15,2020-03-26 18:08:15,-3.507540883597047,3.0183409402620494,1.80689209918431
2020-03-26 18:08:16,2020-03-26 18:08:16,-0.7539689108556717,4.253430624124094,1.7789046931696646
2020-03-26 18:08:17,2020-03-26 18:08:17,0.11226961748221227,2.8881209948652278,1.6735758142729082
2020-03-26 18:08:18,2020-03-26 18:08:18,-2.616542399477462,2.273418326213652,1.710987775943508
2020-03-26 18:08:19,2020-03-26 18:08:19,-2.081563290479249,3.1525708955706917,1.7340492742169573
2020-03-26 18:08:20,2020-03-26 18:08:20,-0.560787988909868,3.8714728879827605,1.7446252281227146
2020-03-26 18:08:21,2020-03-26 18:08:21,0.5716714904923043,2.7662704916629566,1.6697375394359568
2020-03-26 18:08:22,2020-03-26 18:08:22,-1.305095806475116,-0.7740317944971505,1.6115967155503483
2020-03-26 18:08:23,2020-03-26 18:08:23,-0.33137813438086694,3.809779825484563,1.737695602240052
2020-03-26 18:08:24,2020-03-26 18:08:24,-0.16677702019135215,3.58505929230546,1.7198751249843554
2020-03-26 18:08:25,2020-03-26 18:08:25,-0.7992313316724322,2.2142824082993258,1.6447839138066342
2020-03-26 18:08:26,2020-03-26 18:08:26,-1.76554551984696,2.5121352923675935,1.6845467309343576
2020-03-26 18:08:27,2020-03-26 18:08:27,0.8353270018732235,4.369657082411991,1.790450229406943
2020-03-26 18:08:28,2020-03-26 18:08:28,1.2519527201086165,4.1046965550689345,1.776394960394029
2020-03-26 18:08:29,2020-03-26 18:08:29,-0.007725949729470922,5.344836413130164,1.8799191932071153
2020-03-26 18:08:30,2020-03-26 18:08:30,1.4123244375636863,4.038088533840313,1.7752136229944426
2020-03-26 18:08:31,2020-03-26 18:08:31,1.9693040440745675,3.7211600524759234,1.7693148710351352
2020-03-26 18:08:32,2020-03-26 18:08:32,-2.7016043419858895,3.439482006289136,1.7836084803074073
2020-03-26 18:08:33,2020-03-26 18:08:33,0.44767753158350265,3.5359307451404622,1.7180609866787364
2020-03-26 18:08:34,2020-03-26 18:08:34,0.2650794475147304,3.129914094871209,1.6890542363618124
2020-03-26 18:08:35,2020-03-26 18:08:35,-0.2900009134565699,3.632497916859862,1.7239496105621583
2020-03-26 18:08:36,2020-03-26 18:08:36,2.982307330708653,4.946635130098036,1.9284995822675626
2020-03-26 18:08:37,2020-03-26 18:08:37,2.3937655363681354,3.9355440845017577,1.8049311373500387
2020-03-26 18:08:38,2020-03-26 18:08:38,1.7577274218312646,3.794925754355913,1.7669339296364797
2020-03-26 18:08:39,2020-03-26 18:08:39,2.6170997781359002,3.5832523584573375,1.7893241646699636
2020-03-26 18:08:40,2020-03-26 18:08:40,2.373021867245422,3.902366679358509,1.801272659195945
2020-03-26 18:08:41,2020-03-26 18:08:41,1.8700780630436644,4.372545769142899,1.8192097373348588
2020-03-26 18:08:42,2020-03-26 18:08:42,2.5886303782763864,3.7947409694458787,1.80372390471436
2020-03-26 18:08:43,2020-03-26 18:08:43,1.89345031975504,4.497049043159113,1.8313601815491438
2020-03-26 18:08:44,2020-03-26 18:08:44,1.5435016986684775,3.838212533843998,1.7630961696870457
2020-03-26 18:08:45,2020-03-26 18:08:45,3.4842266395254997,4.521627516894773,1.9205507293380748
2020-03-26 18:08:46,2020-03-26 18:08:46,2.3768404606119637,5.038348812458867,1.9048828880910236
2020-03-26 18:08:47,2020-03-26 18:08:47,3.4595616809235974,4.012141050706673,1.8746131721333228
2020-03-26 18:08:48,2020-03-26 18:08:48,3.4181587538117877,4.7022814569359275,1.9328497980958446
2020-03-26 18:08:49,2020-03-26 18:08:49,1.0364596730636704,4.867251921904409,1.8411515066450477
2020-03-26 18:08:50,2020-03-26 18:08:50,1.4790610198907945,5.709742469492916,1.9431448902315367
2020-03-26 18:08:51,2020-03-26 18:08:51,2.0784978237090788,4.6423839451888576,1.852367526063162
2020-03-26 18:08:52,2020-03-26 18:08:52,2.458479591704241,5.904755588019231,2.005187054128612
2020-03-26 18:08:53,2020-03-26 18:08:53,2.2413578319173664,7.212009371165226,2.1685022908334872
2020-03-26 18:08:54,2020-03-26 18:08:54,2.509094136013307,5.356781370178592,1.9450842995669149
2020-03-26 18:08:55,2020-03-26 18:08:55,1.5824621958848326,5.953291818203544,1.975210600150362
2020-03-26 18:08:56,2020-03-26 18:08:56,1.4350387825328708,6.2362783313961865,2.005730324791756
2020-03-26 18:08:57,2020-03-26 18:08:57,0.31705134097463356,6.94126950327902,2.0801569250080973
2020-03-26 18:08:58,2020-03-26 18:08:58,2.5654619024532126,6.17337405436501,2.043516938347125
2020-03-26 18:08:59,2020-03-26 18:08:59,2.6923282495270824,4.649659318378156,1.8828180580989198
2020-03-26 18:09:00,2020-03-26 18:09:00,2.6130742858361087,5.331090465891801,1.9476934165492565
2020-03-26 18:09:01,2020-03-26 18:09:01,2.1201987988754443,5.584149600509019,1.952112672262004
2020-03-26 18:09:02,2020-03-26 18:09:02,2.0349601528881553,5.613256495606413,1.9518354598597654
2020-03-26 18:09:03,2020-03-26 18:09:03,2.4884265626307385,5.874709479293338,2.003095061644345
2020-03-26 18:09:04,2020-03-26 18:09:04,2.5055136210798623,5.221442771232833,1.9303548784183704
2020-03-26 18:09:05,2020-03-26 18:09:05,3.3747617313697833,5.225570175793398,1.9825965753283867
2020-03-26 18:09:06,2020-03-26 18:09:06,2.971243552820724,3.3174546053508482,1.790793138899076
2020-03-26 18:09:07,2020-03-26 18:09:07,2.049754475827979,3.0526596298881596,1.726374261076728
2020-03-26 18:09:08,2020-03-26 18:09:08,2.414170494804881,4.036624518793681,1.8141448352820504
2020-03-26 18:09:09,2020-03-26 18:09:09,2.774025153947641,4.209763553798137,1.847690874149393
2020-03-26 18:09:10,2020-03-26 18:09:10,1.9523102221066688,3.006440286926204,1.719530328830345
2020-03-26 18:09:11,2020-03-26 18:09:11,2.5688272174234097,4.067568706868231,1.8245461931584401
2020-03-26 18:09:12,2020-03-26 18:09:12,2.6686895243936855,5.60347895311563,1.9809121641672647
2020-03-26 18:09:13,2020-03-26 18:09:13,1.8115303720044391,4.9119764148941485,1.8680425634243534
2020-03-26 18:09:14,2020-03-26 18:09:14,2.69104964083695,5.403894356845922,1.9598225821201822
2020-03-26 18:09:15,2020-03-26 18:09:15,0.894440560892707,5.53471774224622,1.9090637718247763
2020-03-26 18:09:16,2020-03-26 18:09:16,0.6284580743741716,5.359541761671861,1.8855308880587103
2020-03-26 18:09:17,2020-03-26 18:09:17,0.6290165104738583,4.207771749202643,1.773200209413389
2020-03-26 18:09:18,2020-03-26 18:09:18,1.2435555591156062,4.75731057597027,1.8351690843798991
2020-03-26 18:09:19,2020-03-26 18:09:19,1.3555799646172957,5.0394861628536525,1.8662923437057515
2020-03-26 18:09:20,2020-03-26 18:09:20,1.3612363755707229,3.5381045289768753,1.7350870658739979
2020-03-26 18:09:21,2020-03-26 18:09:21,2.387587243000149,4.503083546051934,1.8534289026296022
2020-03-26 18:09:22,2020-03-26 18:09:22,2.990665286981245,5.758825141461285,2.0172562437485198
2020-03-26 18:09:23,2020-03-26 18:09:23,2.217425138153841,6.274700418115359,2.03948573710818
2020-03-26 18:09:24,2020-03-26 18:09:24,2.310899684634187,6.130184145093829,2.025586964104903
2020-03-26 18:09:25,2020-03-26 18:09:25,2.4698344338668545,5.079628995233203,1.9137041888744477
2020-03-26 18:09:26,2020-03-26 18:09:26,2.494106072138762,4.387390934942206,1.8482424726487068
2020-03-26 18:09:27,2020-03-26 18:09:27,2.7301555830337487,4.678060361671151,1.887596855610198
2020-03-26 18:09:28,2020-03-26 18:09:28,2.9253581229623298,4.893121555236687,1.9197349996963595
2020-03-26 18:09:29,2020-03-26 18:09:29,2.9373232564372738,5.416185607141489,1.9752142967896305
2020-03-26 18:09:30,2020-03-26 18:09:30,2.8830643026810048,5.4268846284138474,1.9731931861671654
2020-03-26 18:09:31,2020-03-26 18:09:31,2.718184278151466,7.050572574353339,2.1690235583464244
2020-03-26 18:09:32,2020-03-26 18:09:32,2.321890830281841,6.74919643093184,2.106862437363006
2020-03-26 18:09:33,2020-03-26 18:09:33,2.051923163360891,6.795115466210212,2.101256192096784
2020-03-26 18:09:34,2020-03-26 18:09:34,2.3743937716741566,6.826101381023434,2.1199102424597527
2020-03-26 18:09:35,2020-03-26 18:09:35,2.0677699168252457,6.062712860655992,2.0064796856743072
2020-03-26 18:09:36,2020-03-26 18:09:36,2.3662462713978027,5.971645283616173,2.00874511693803
2020-03-26 18:09:37,2020-03-26 18:09:37,2.520721168541887,5.50974297287441,1.9625598874067407
2020-03-26 18:09:38,2020-03-26 18:09:38,2.469040821620082,5.541948938194242,1.9635621400021108
2020-03-26 18:09:39,2020-03-26 18:09:39,3.7257960390982636,6.444658545586958,2.1517808334213555
2020-03-26 18:09:40,2020-03-26 18:09:40,2.9945189787692597,6.082752409299991,2.056360327356785
2020-03-26 18:09:41,2020-03-26 18:09:41,2.991637693413202,4.855822693770404,1.9200190919411
2020-03-26 18:09:42,2020-03-26 18:09:42,2.67564759780722,6.271597949415798,2.0617342573920467
2020-03-26 18:09:43,2020-03-26 18:09:43,2.518923377493107,5.855695169264932,2.0023770555643665
2020-03-26 18:09:44,2020-03-26 18:09:44,0.897033910232474,6.156121617337536,1.9829561859100124
2020-03-26 18:09:45,2020-03-26 18:09:45,2.237389175591237,6.326145132123528,2.046954800151056
2020-03-26 18:09:46,2020-03-26 18:09:46,4.5298292226002,4.891773460287515,2.0408015038697442
2020-03-26 18:09:47,2020-03-26 18:09:47,1.9744360491799688,5.771274566426788,1.9676516516562543
2020-03-26 18:09:48,2020-03-26 18:09:48,2.22812328369903,5.532413614396847,1.9510247543146022
2020-03-26 18:09:49,2020-03-26 18:09:49,2.8016807882706654,5.5804466322704265,1.9856633572163673
2020-03-26 18:09:50,2020-03-26 18:09:50,2.4746639653210525,5.7089578379647,1.9829203797505528
2020-03-26 18:09:51,2020-03-26 18:09:51,2.5293215947954626,6.079148716751297,2.0299541663426197
2020-03-26 18:09:52,2020-03-26 18:09:52,2.7250190005944006,6.288851884719914,2.0666211205967926
2020-03-26 18:09:53,2020-03-26 18:09:53,2.511421465946277,6.116997806984132,2.033721982599701
2020-03-26 18:09:54,2020-03-26 18:09:54,2.7426717749935405,5.506510222038154,1.9740309320232257
2020-03-26 18:09:55,2020-03-26 18:09:55,2.2998872700342696,5.310299082028666,1.9298456697328419
2020-03-26 18:09:56,2020-03-26 18:09:56,2.1630378706641533,5.28592883190804,1.921026391927981
2020-03-26 18:09:57,2020-03-26 18:09:57,2.1511985039665666,4.820948778244025,1.8726986595602
2020-03-26 18:09:58,2020-03-26 18:09:58,2.0361960145120106,4.445659138569124,1.832383864234913
2020-03-26 18:09:59,2020-03-26 18:09:59,2.0316934357228336,4.066649398461414,1.7993086517063546
2020-03-26 18:10:00,2020-03-26 18:10:00,2.3262351973374806,3.8705704886542067,1.7965127458950576
2020-03-26 18:10:01,2020-03-26 18:10:01,1.89928938084291,4.311507888217784,1.8149268644571919
2020-03-26 18:10:02,2020-03-26 18:10:02,2.001666113923956,4.384112980001381,1.8254270697644017
2020-03-26 18:10:03,2020-03-26 18:10:03,2.449614097980917,4.028021876748272,1.815192953199329
2020-03-26 18:10:04,2020-03-26 18:10:04,2.230021992025915,4.196087550098701,1.8188191466353771
2020-03-26 18:10:05,2020-03-26 18:10:05,2.4728891323239677,4.8300005586153345,1.8886980184754236
2020-03-26 18:10:06,2020-03-26 18:10:06,2.2013547709232375,4.79799535797243,1.872669261762809
2020-03-26 18:10:07,2020-03-26 18:10:07,2.0496714549035753,4.080402929725516,1.8011986776646864
2020-03-26 18:10:08,2020-03-26 18:10:08,1.911316836260317,3.971042390097137,1.7866348620768377
